字段1,标题,内容,内容_链接,时间
,吃你喜欢的,,, 21-12-2 12:22 
,MrDe_,现在有很多外卖员态度差，仗着社会对他们工作的理解，但我还不敢给差评，因为怕被报复，毕竟他们知道我的住址。骑车经常逆行闯红灯就更不想说了,, 21-12-2 12:16 
,乱头发乱乱乱,,, 21-12-2 11:06 
,要一个大杯芋泥波波绿,,https://weibo.com/n/%E9%AB%99%E8%8A%B8, 21-12-14 21:54 
,太阳的泪花,为什么要打码？这种人应该曝光！让他永远都找不到工作！永久封杀他！,, 21-12-8 22:10 
,猫粮a020,yue了,, 21-12-2 12:42 
,潘旭,,, 21-12-3 08:51 
,夜斗i_,,, 21-12-3 14:43 
,costa小小,,, 21-12-3 23:07 
,茶色文章,,https://s.weibo.com/weibo?q=%23%E5%A4%96%E5%8D%96%E5%91%98%E5%9C%A8%E9%A1%BE%E5%AE%A2%E9%BA%BB%E8%BE%A3%E7%83%AB%E4%B8%AD%E5%B0%8F%E4%BE%BF%E8%A2%AB%E6%8B%9814%E5%A4%A9%23, 21-12-4 10:39 
,百车全说三刀,,, 21-12-4 10:57 
,道口烧鸡达人,,, 21-12-4 11:32 
,yyriii,,https://weibo.com/n/w%E5%A9%89%E5%A9%89%C2%B7, 21-12-4 13:32 
,Holly_2,,, 21-12-4 14:39 
,超级无敌许帅帅,,, 21-12-2 12:30 
,蓝布衬依,为什么了？损人不利己,, 21-12-2 12:20 
,Hedia黑寡妇,这都什么妖魔鬼怪,, 21-12-2 12:18 
,逃小左,以后真不敢点外卖了,, 21-12-2 12:16 
,--_---___--------_---__-------,这还是电梯里有监控才发现的 那些在大马路上的外卖食物遭遇的事迹估计更加让人震惊吧……,, 21-12-2 10:33 
,林珑塔挞龄龙,还是不点外卖了，自己动手丰衣足食。,, 21-12-2 08:52 
,春天的私语100,,, 21-12-2 12:35 
,蔡雅奇刑法,,https://s.weibo.com/weibo?q=%23%E5%A4%96%E5%8D%96%E5%91%98%E7%96%91%E5%9C%A8%E7%94%B5%E6%A2%AF%E5%86%85%E5%90%91%E9%A4%90%E7%9B%92%E6%92%92%E5%B0%BF%E8%A2%AB%E8%A1%8C%E6%8B%9814%E5%A4%A9%23, 21-12-2 12:35 
,鸥屋理查_驳,,, 21-12-2 12:33 
,小时光剪剧,,, 21-12-2 12:31 
,很喜latte的白某某,我去 ,, 21-12-2 12:30 
,隔壁的大白羊,禁止暗箱操作奥,, 21-12-2 12:59 
,倚海聆风2020,违法成本太低，执法机构有时凶神恶煞有时慈悲爆棚,, 21-12-2 13:03 
,围墙上的猫John,,, 21-12-2 14:33 
,得闲先生_L,怎么发现的？ “屎里有毒系列”,, 21-12-2 12:15 
,大爱unicorn,外卖的包装不都是封死的吗？不封死的外卖我是不吃的！,, 21-12-2 12:45 
,施舍一个星星z,这个外卖骑手不知道干了多少次这种事,, 21-12-6 11:27 
,用户梨啦,严惩这种狗 不然以后订单量下降,, 21-12-6 12:09 
,用户梨啦,这是哪个地方的？,, 21-12-6 12:09 
,天上歐帝娜,有人以为封好口就行了，商家那边的卫生不理会了？见很多做饮食的厨房男员工去完厕所不洗手,, 21-12-8 16:26 
,应钟贰拾壹Caroline,呕,, 21-12-11 11:18 
,正直的杨启帆,芜湖这种恶劣事情也不是第一次发生，你敢想象，当地政府为提升物业费收缴率，聘请多次入狱刑满释放人员收取物业费吗？,, 21-12-11 22:52 
,躺平青年001号,上肉都变,, 21-12-13 00:04 
,王奕茹_,投毒判太轻了,, 21-12-30 08:45 
,jie的事你少管,@CCCAAAI,https://weibo.com/n/CCCAAAI, 21-12-16 20:47 
,放飞心情32665,点的是什么？这么大水分看不出来？,, 21-12-2 04:16 
,GarethNiu,所以我每次出去吃饭或者点外卖都对外卖员服务员很客气 ,, 21-12-2 08:50 
,林珑塔挞龄龙,cao tm 这ex的行为，顾客哪里得罪你了？,, 21-12-2 08:51 
,小哥有点痞,这个什么阴间新闻,, 21-12-2 10:50 
,小困兽早起了,缺大德了送他进监狱吃两年屎 不吃完不出来,, 21-12-11 17:37 
,奶茶快跑·,,https://weibo.com/n/%E6%8B%9C%E6%89%98%E6%88%91%E8%B6%85%E5%8F%AF%E7%88%B1%E7%9A%84%E5%A5%BD%E5%98%9B, 21-12-10 17:02 
,先生也喜欢花嘛,@陕西在逃凉皮,https://weibo.com/n/%E9%99%95%E8%A5%BF%E5%9C%A8%E9%80%83%E5%87%89%E7%9A%AE, 21-12-10 15:06 
,zzzhuo_O3O,@艾里克之歌 为啥麻辣烫劫难后还闻不出来，以后别点重口味了…,https://weibo.com/n/%E8%89%BE%E9%87%8C%E5%85%8B%E4%B9%8B%E6%AD%8C, 21-12-8 18:45 
,小小陈nnnn,@hunter路德维希,https://weibo.com/n/hunter%E8%B7%AF%E5%BE%B7%E7%BB%B4%E5%B8%8C, 21-12-7 12:35 
,歲月如歌XCX,啊这这是为了啥呢,, 21-12-3 08:25 
,乐乐初告白,建议直接死刑,, 21-12-2 23:12 
,priestly求上岸,还好我麻辣烫都是干拌,, 21-12-2 23:17 
,shall_茶,太可怕了,, 21-12-2 23:28 
,蝉鸣入风弦,@Burningsweet 恐怖,https://weibo.com/n/Burningsweet, 21-12-2 21:08 
,闲来看歪歪,这种变态应该判刑,, 21-12-2 21:09 
,中山烟海2021,投毒罪！,, 21-12-2 21:14 
,哎呦江龙,@Joey1251- 上班,https://weibo.com/n/Joey1251-, 21-12-14 03:03 
,奶炖梨梨,@给你一口啵啵啵啵啵,https://weibo.com/n/%E7%BB%99%E4%BD%A0%E4%B8%80%E5%8F%A3%E5%95%B5%E5%95%B5%E5%95%B5%E5%95%B5%E5%95%B5, 22-1-13 14:30 
,折耳根-2,变态呀,, 21-12-2 20:40 
,迷色迷摄,像这种变态应该在脸上烙上标记,, 21-12-2 20:51 
,-木子汐,这是有多大仇，有的新闻外卖员是很有爱心的，可见人与人天差地别,, 21-12-2 20:51 
,QQ赢,这个做法真是太可怕了。如果外卖投毒或者别的东西，真是不容易发现。拘留14天也太轻了。  这个是真实的威胁公共安全。,, 21-12-2 21:07 
,芝麻諭吉,🇨🇳人民都是在互相教育中成长的。小哥用尿教客户别太刻薄了还真把自己当上帝；客户可以报警教小哥别撒那么多尿。好了，社会又进步了一步，皆大欢喜🎉🍾️🎊话说回来镜头里没看见露🐦，没有直接证据，拘留有何依据？,, 21-12-2 21:52 
,丰臣秀急,这他m应该判刑啊,, 21-12-2 22:08 
重点：使用石头将民警头部打伤，事后缝合五针！继续使用钢钎袭警民警，民警多次警告无效……,开过光的豪狗蛋,干得漂亮！大快人心。不开枪这新闻就变暴民袭警致其牺牲了。,, 21-12-2 17:11 
重点：使用石头将民警头部打伤，事后缝合五针！继续使用钢钎袭警民警，民警多次警告无效……,扑到NIin怀里,,, 21-12-2 16:34 
重点：使用石头将民警头部打伤，事后缝合五针！继续使用钢钎袭警民警，民警多次警告无效……,哈舍苏特1,,, 21-12-2 15:40 
重点：使用石头将民警头部打伤，事后缝合五针！继续使用钢钎袭警民警，民警多次警告无效……,不买到房不改名,在美国已经清理完一梭子了,, 21-12-2 14:43 
重点：使用石头将民警头部打伤，事后缝合五针！继续使用钢钎袭警民警，民警多次警告无效……,苏苡薖,警察行径没有任何不妥，不要连累警察,, 21-12-2 13:56 
重点：使用石头将民警头部打伤，事后缝合五针！继续使用钢钎袭警民警，民警多次警告无效……,最爱是麻辣香锅,,, 21-12-2 11:39 
重点：使用石头将民警头部打伤，事后缝合五针！继续使用钢钎袭警民警，民警多次警告无效……,帝吧官微,,, 21-12-2 15:53 
重点：使用石头将民警头部打伤，事后缝合五针！继续使用钢钎袭警民警，民警多次警告无效……,百姓瞭望台,太邪乎了,, 21-12-2 11:48 
重点：使用石头将民警头部打伤，事后缝合五针！继续使用钢钎袭警民警，民警多次警告无效……,四维里的斯诺,,, 21-12-2 12:24 
重点：使用石头将民警头部打伤，事后缝合五针！继续使用钢钎袭警民警，民警多次警告无效……,四玺丸子4444x,,, 21-12-2 20:00 
重点：使用石头将民警头部打伤，事后缝合五针！继续使用钢钎袭警民警，民警多次警告无效……,想飞的鱼11098,千万不能惯着，不要给赔偿，警察正常执法，支持警察,, 21-12-2 17:21 
重点：使用石头将民警头部打伤，事后缝合五针！继续使用钢钎袭警民警，民警多次警告无效……,培了个训,,, 21-12-2 13:16 
重点：使用石头将民警头部打伤，事后缝合五针！继续使用钢钎袭警民警，民警多次警告无效……,培了个训,,, 21-12-2 13:17 
重点：使用石头将民警头部打伤，事后缝合五针！继续使用钢钎袭警民警，民警多次警告无效……,骑着蜗牛从北到南,到底谁是弱势群体,, 21-12-2 13:27 
重点：使用石头将民警头部打伤，事后缝合五针！继续使用钢钎袭警民警，民警多次警告无效……,哪里的名字都不能如愿,为什么打了腿一枪就死亡了？？？,, 21-12-2 13:34 
重点：使用石头将民警头部打伤，事后缝合五针！继续使用钢钎袭警民警，民警多次警告无效……,铁皮人阿宅,袭警要是不反击，以后民警没法执法了！只能都去和稀泥了。,, 21-12-2 13:37 
重点：使用石头将民警头部打伤，事后缝合五针！继续使用钢钎袭警民警，民警多次警告无效……,大龙村的小龙人,,, 21-12-2 13:41 
重点：使用石头将民警头部打伤，事后缝合五针！继续使用钢钎袭警民警，民警多次警告无效……,横言横语,为什么袭警的女人没有被抓，讲得这么大义凛然的？她也是事件参与者，不应该在局里吗？,, 21-12-2 13:50 
重点：使用石头将民警头部打伤，事后缝合五针！继续使用钢钎袭警民警，民警多次警告无效……,taojl1127,其实我更支持直接击毙,, 21-12-4 15:25 
重点：使用石头将民警头部打伤，事后缝合五针！继续使用钢钎袭警民警，民警多次警告无效……,未来月力,我要是警察就让知道什么是欧美枪法临别前给他开开眼，不至于没尝试过新事物再遗憾的变成骨灰,, 21-12-4 15:15 
重点：使用石头将民警头部打伤，事后缝合五针！继续使用钢钎袭警民警，民警多次警告无效……,旁观路过6410711077,警察肯定从法律上没错，不会追责。但这个警察应内部会调岗，不会让他再出警了。毕竟邻里小纠纷，最后结果是人死了，哪怕是咎由自取，可毕竟一条人命,, 21-12-4 15:05 
重点：使用石头将民警头部打伤，事后缝合五针！继续使用钢钎袭警民警，民警多次警告无效……,homi的记事本,大家还是别说漂亮国了，漂亮国持枪合法，我们又没有枪，打死警察的概率很低，如果我国警察能像美国那样开枪，你指不定因为啥就被打了。特别是我国这多保护伞，你懂的,, 21-12-4 14:39 
重点：使用石头将民警头部打伤，事后缝合五针！继续使用钢钎袭警民警，民警多次警告无效……,寻求再次突破,兄弟俩互挖路 狗血至极，云南农村这种也很多，非常不理解这种思维，不来往都不行吗？非要吵吵闹闹打打杀杀骂来骂去,, 21-12-2 13:00 
重点：使用石头将民警头部打伤，事后缝合五针！继续使用钢钎袭警民警，民警多次警告无效……,FT-17,干得好,, 21-12-2 12:59 
重点：使用石头将民警头部打伤，事后缝合五针！继续使用钢钎袭警民警，民警多次警告无效……,我依然愿意成为你的光,腿部中枪也能身亡吗,, 21-12-2 12:59 
重点：使用石头将民警头部打伤，事后缝合五针！继续使用钢钎袭警民警，民警多次警告无效……,为什么昵称不可用啊啊1223,为什么打在腿上就死了呀,, 21-12-2 12:56 
重点：使用石头将民警头部打伤，事后缝合五针！继续使用钢钎袭警民警，民警多次警告无效……,坏人tobp,基层教育欠缺的很啊。,, 21-12-2 12:56 
重点：使用石头将民警头部打伤，事后缝合五针！继续使用钢钎袭警民警，民警多次警告无效……,寻求再次突破,这种撒泼耍赖，使恨的人，也就在家人面前可以，出了门就不应该被惯,, 21-12-2 12:55 
重点：使用石头将民警头部打伤，事后缝合五针！继续使用钢钎袭警民警，民警多次警告无效……,大河马加油丫,英勇颁奖,, 21-12-2 12:54 
重点：使用石头将民警头部打伤，事后缝合五针！继续使用钢钎袭警民警，民警多次警告无效……,朱今乐,如果是普通老百姓干的，可能会被判个防卫过当下的过失致人死亡？,, 21-12-2 12:54 
重点：使用石头将民警头部打伤，事后缝合五针！继续使用钢钎袭警民警，民警多次警告无效……,yiwei_win,深山沟里出....,, 21-12-2 16:04 
重点：使用石头将民警头部打伤，事后缝合五针！继续使用钢钎袭警民警，民警多次警告无效……,有生之年念卿白首,做得对，这样的人出现在社会上还不知道会杀多少人呢,, 21-12-2 16:29 
重点：使用石头将民警头部打伤，事后缝合五针！继续使用钢钎袭警民警，民警多次警告无效……,190大旭666,@刘俊侣 有本事继续胡搅蛮缠！继续偷换概念呀！,https://weibo.com/n/%E5%88%98%E4%BF%8A%E4%BE%A3, 21-12-8 18:58 
重点：使用石头将民警头部打伤，事后缝合五针！继续使用钢钎袭警民警，民警多次警告无效……,左手画廊,他们为什么要袭警？,, 21-12-4 09:27 
重点：使用石头将民警头部打伤，事后缝合五针！继续使用钢钎袭警民警，民警多次警告无效……,柯叔叔啊啦,欧金中事件怎么就没有执法视频了？,, 21-12-4 09:30 
重点：使用石头将民警头部打伤，事后缝合五针！继续使用钢钎袭警民警，民警多次警告无效……,霓衣风马云之君01130,既然是协调，民警与村民发生了什么冲突，以致于需要将该村民带回警局，这点挺重要的。村民出于无知和本能，抗拒逮捕和袭警，民警击中其腿部，如果非致命伤，是什么原因致死。我想，这些问题都清楚了，才能更好的判断一些情况。,, 21-12-4 11:05 
重点：使用石头将民警头部打伤，事后缝合五针！继续使用钢钎袭警民警，民警多次警告无效……,行行好嘛,希望做好对警察的心理咨询,, 21-12-4 11:22 
重点：使用石头将民警头部打伤，事后缝合五针！继续使用钢钎袭警民警，民警多次警告无效……,望谟某,就目前来看，我只能说民警同志干的对！,, 21-12-4 11:44 
重点：使用石头将民警头部打伤，事后缝合五针！继续使用钢钎袭警民警，民警多次警告无效……,心有江湖,这种打死就对了,, 21-12-4 14:21 
重点：使用石头将民警头部打伤，事后缝合五针！继续使用钢钎袭警民警，民警多次警告无效……,ETF小鱼儿,不会成为CIA黑我们的素材吧,, 21-12-4 11:45 
重点：使用石头将民警头部打伤，事后缝合五针！继续使用钢钎袭警民警，民警多次警告无效……,bestlpf,这种女人无知阿,, 21-12-4 11:50 
重点：使用石头将民警头部打伤，事后缝合五针！继续使用钢钎袭警民警，民警多次警告无效……,江水达生,支持民警无罪且有功！,, 21-12-4 12:10 
重点：使用石头将民警头部打伤，事后缝合五针！继续使用钢钎袭警民警，民警多次警告无效……,JH_Radio_2Plus,警察干的漂亮,, 21-12-4 12:12 
重点：使用石头将民警头部打伤，事后缝合五针！继续使用钢钎袭警民警，民警多次警告无效……,ST快乐水,,, 21-12-4 12:16 
重点：使用石头将民警头部打伤，事后缝合五针！继续使用钢钎袭警民警，民警多次警告无效……,歌者歌于途,这样的人应该当场击毙,, 21-12-4 12:21 
重点：使用石头将民警头部打伤，事后缝合五针！继续使用钢钎袭警民警，民警多次警告无效……,金矿想变派大星,@继威洛夫 八字的特种部队呢？？,https://weibo.com/n/%E7%BB%A7%E5%A8%81%E6%B4%9B%E5%A4%AB, 21-12-4 12:26 
重点：使用石头将民警头部打伤，事后缝合五针！继续使用钢钎袭警民警，民警多次警告无效……,暴躁老邢,真当警察不敢开枪，都拿枪了还不投降,, 21-12-4 12:45 
重点：使用石头将民警头部打伤，事后缝合五针！继续使用钢钎袭警民警，民警多次警告无效……,竹本老宋,好死,, 21-12-3 22:02 
重点：使用石头将民警头部打伤，事后缝合五针！继续使用钢钎袭警民警，民警多次警告无效……,嘤嘤嘤冠军,,https://weibo.com/n/Werbung-, 21-12-3 22:17 
重点：使用石头将民警头部打伤，事后缝合五针！继续使用钢钎袭警民警，民警多次警告无效……,严默98,也觉得这种人死有余辜，太野蛮村霸,, 21-12-3 22:26 
重点：使用石头将民警头部打伤，事后缝合五针！继续使用钢钎袭警民警，民警多次警告无效……,不挑食的啤啤,民警一家亲？？这也不亲啊,, 21-12-4 07:34 
重点：使用石头将民警头部打伤，事后缝合五针！继续使用钢钎袭警民警，民警多次警告无效……,Blanche布朗西,天不怕地不怕 就是知道你不敢真的对着人打，因为大家在新闻里都没有怎么见过这种事。国外警察一举枪嫌疑人秒怂,, 21-12-3 16:19 
重点：使用石头将民警头部打伤，事后缝合五针！继续使用钢钎袭警民警，民警多次警告无效……,桃桃似妖妖,不讲理过线就要硬起来,, 21-12-3 16:11 
重点：使用石头将民警头部打伤，事后缝合五针！继续使用钢钎袭警民警，民警多次警告无效……,王小宝最可爱,,, 21-12-3 16:01 
重点：使用石头将民警头部打伤，事后缝合五针！继续使用钢钎袭警民警，民警多次警告无效……,法硕路上的行路人,服了，坚决不能和稀泥！依法严惩，不是袭警吗？,, 21-12-3 15:57 
重点：使用石头将民警头部打伤，事后缝合五针！继续使用钢钎袭警民警，民警多次警告无效……,可爱淡兰色,警察做的对,, 21-12-3 15:53 
重点：使用石头将民警头部打伤，事后缝合五针！继续使用钢钎袭警民警，民警多次警告无效……,阿伟不要啦,2017年，衡水民警常群勇抓捕凶犯时，被刺伤不幸牺牲。有人问，他为什么不开枪？现在追问变成为什么开枪？只有合不合法才能回答该不该。规范执法说一千道一万，要从文件落实到实践中，而程序合法既是保护当事人的权利，也是民警自己的护身符。严格按照法律程序办事办案，这是永远的准绳。,, 21-12-3 20:35 
重点：使用石头将民警头部打伤，事后缝合五针！继续使用钢钎袭警民警，民警多次警告无效……,tianrui_,请持续报道后续结果,, 21-12-3 20:49 
重点：使用石头将民警头部打伤，事后缝合五针！继续使用钢钎袭警民警，民警多次警告无效……,歌神夜小西,,, 21-12-3 21:04 
重点：使用石头将民警头部打伤，事后缝合五针！继续使用钢钎袭警民警，民警多次警告无效……,M_never,说实话，我觉得村民袭警真的是没常识导致的，加上情绪激动。民警为了自卫开枪当然是没办法，但是开了前几枪明显村民有点害怕了的，可以看到手里的钢钎已经背到身后，而不是进攻姿势了。这时候警察应该停手，赶紧远离，而不是继续开枪。但是不排除，警察看到同事受伤，也处于不够冷静的情绪下。默哀。,, 21-12-3 17:14 
重点：使用石头将民警头部打伤，事后缝合五针！继续使用钢钎袭警民警，民警多次警告无效……,xushengma,警察不能用格斗技能把他打倒吗？毕竟是枪啊。,, 21-12-3 16:30 
重点：使用石头将民警头部打伤，事后缝合五针！继续使用钢钎袭警民警，民警多次警告无效……,为荣誉而拼搏,普通人都要求对等防卫，警察就有特权拿枪防卫,, 21-12-3 16:57 
重点：使用石头将民警头部打伤，事后缝合五针！继续使用钢钎袭警民警，民警多次警告无效……,莎莎比亚吖,这种人也是活该了，乖乖跟警察回去接受调查不好吗？非要袭警，可怜警察叔叔头都被砸了,, 21-12-3 14:42 
重点：使用石头将民警头部打伤，事后缝合五针！继续使用钢钎袭警民警，民警多次警告无效……,坂井泉水我女神,打人的不是夫妻吗？女的呢？判她一个袭警不过分吧？,, 21-12-3 14:46 
重点：使用石头将民警头部打伤，事后缝合五针！继续使用钢钎袭警民警，民警多次警告无效……,笨笨的宝咪小野同学,法盲真可怕,, 21-12-3 14:46 
重点：使用石头将民警头部打伤，事后缝合五针！继续使用钢钎袭警民警，民警多次警告无效……,小圈儿啊,,, 21-12-3 14:48 
重点：使用石头将民警头部打伤，事后缝合五针！继续使用钢钎袭警民警，民警多次警告无效……,TzuChiangLi,,, 21-12-3 15:11 
重点：使用石头将民警头部打伤，事后缝合五针！继续使用钢钎袭警民警，民警多次警告无效……,黑眼睛黄皮肤的豆芽菜,支持警察,, 21-12-3 15:17 
重点：使用石头将民警头部打伤，事后缝合五针！继续使用钢钎袭警民警，民警多次警告无效……,昴不是昂67520,有个疑问，这没有电击枪吗,, 21-12-3 15:27 
这人有病吧！！！！,wuyaxiansheng,@豆瓣 @-杨笠-,https://weibo.com/n/%E8%B1%86%E7%93%A3, 21-12-4 20:34 
这人有病吧！！！！,好名字也不可以让你的朋友记住你,警惕极端女拳主义,, 21-12-4 20:31 
这人有病吧！！！！,喵小白唷,判死刑吧,, 21-12-4 19:49 
这人有病吧！！！！,陈一Stray,不是我危言耸听，这种事国家再放任不管，息事宁人，真的就无药可救了，必须公开处刑！,, 21-12-4 19:37 
这人有病吧！！！！,碉酱,我说句不好听的别喷我，小孩要是直接摔死了还是个痛快，这没直接摔死得多痛啊我真的心好痛，为什么有这种chusheng，法律太宽容了吧,, 21-12-3 22:09 
这人有病吧！！！！,周游时光Suen,代入感太强，拳头攥紧了。,, 21-12-4 14:58 
这人有病吧！！！！,宇翔宇翔123,中国必须恢复凌迟,, 21-12-3 21:59 
这人有病吧！！！！,我的好老婆--晨,太可恶了！孩子无辜啊,, 21-12-3 22:08 
这人有病吧！！！！,haletyes,女拳组织成员日常罢了 不信去豆瓣搜搜它,, 21-12-4 01:45 
这人有病吧！！！！,天字号冲浪选手,这是女拳组织的活动已经这么恐怖了吗？  这是无差别攻击，是任何男性幼童都可能会遭受到的无差别攻击，女拳真的不是性别法西斯主义吗？,, 21-12-4 01:52 
这人有病吧！！！！,Malice_X,也别死刑了，把她也从楼顶扔下去吧，每次扔三层楼的高度，让她半死不活的爽一爽,, 21-12-3 23:04 
这人有病吧！！！！,白龙and千寻,很愤怒又很难过，某组织这么无法无天，难道要任其加速发展下去吗？,, 21-12-4 10:59 
这人有病吧！！！！,我们不要当咸鱼,所以，为什么神经病违法却不能把她怎么样？？？？因为是神经病更好关起来啊！走在路上谁知道她是神经病？？？,, 21-12-4 11:12 
这人有病吧！！！！,爱向日葵式温暖,一个当妈的得有多绝望，不敢看视频，感觉好心疼，一定要死刑！！！,, 21-12-3 23:09 
这人有病吧！！！！,湘江索道工,能不能管管这些恐怖分子啊 艹,, 21-12-3 23:29 
这人有病吧！！！！,闻愿2022,可怜的宝宝，下一世，你会有好命，作为补偿,, 21-12-3 23:48 
这人有病吧！！！！,幽落终然之瓣,死刑！！！,, 21-12-3 23:51 
这人有病吧！！！！,艾玛取什么名字好呢,,, 21-12-4 00:18 
这人有病吧！！！！,烈女戏婵郎,作为妈妈看到这样的新闻很心痛,, 21-12-4 00:29 
这人有病吧！！！！,Crazy寒潮,直接死刑,, 21-12-4 00:30 
这人有病吧！！！！,那年曦夏,死刑！！！！！！！！！！！！！！！！！！！！！,, 21-12-4 01:03 
这人有病吧！！！！,边控农寻牛牛,行凶的MG必须枪毙,, 21-12-3 22:47 
这人有病吧！！！！,阿豆毛麻麻,,, 21-12-3 22:55 
这人有病吧！！！！,慎痛,防火墙你在干什么啊？这种思想是怎么破墙进来的？,, 21-12-3 10:38 
这人有病吧！！！！,老年拖延症患者,女拳装死和开脱的功力非同小可 如若此事还不能除尽女拳，那真可谓黑暗啊 这一脚油门，不仅代价惨痛，还很有可能不会有任何回响。,, 21-12-3 10:37 
这人有病吧！！！！,呜啦草的天使7087,现在怎么都想用神经病 这个幌子，摆脱故意杀人的惩罚，不接受，就算是精神病，也要以命抵命,, 21-12-3 10:36 
这人有病吧！！！！,晚晚晚晚的leehom66,@X法师Tony 法师看看,https://weibo.com/n/X%E6%B3%95%E5%B8%88Tony, 21-12-3 10:29 
这人有病吧！！！！,浦东公鸡123,此人被扒出是豆瓣极端女权小组的成员，发布过仇男，杀男言论，平均下面还有一堆附和叫好的。日韩都经历过这种情况，极端女权蔓延产生的性别恐怖主义国家应当要重视起来。,, 21-12-3 11:36 
这人有病吧！！！！,故乡有座桥,这不是精神病，这就是恐怖分子！！！,, 21-12-3 11:34 
这人有病吧！！！！,君可知我在南山,这个话题的热度还没有厕所偷拍畒人的新闻高，偷拍个畒人，畒人们就巴不得处死他，那这个畒人可不得五马分尸挂在东方明珠上示众,, 21-12-3 11:32 
这人有病吧！！！！,鸣蝉三梢,能不能凌迟啊😅,, 21-12-3 11:26 
这人有病吧！！！！,咿呀咿呀哟222223,@观察者网 精神病不能成为杀人的免死金牌,https://weibo.com/n/%E8%A7%82%E5%AF%9F%E8%80%85%E7%BD%91, 21-12-3 11:20 
这人有病吧！！！！,咿呀咿呀哟222223,@凤凰新闻客户端 精神病不能成为杀人的免死金牌,https://weibo.com/n/%E5%87%A4%E5%87%B0%E6%96%B0%E9%97%BB%E5%AE%A2%E6%88%B7%E7%AB%AF, 21-12-3 11:18 
这人有病吧！！！！,梦想当首富,确定有神经病,, 21-12-3 11:14 
这人有病吧！！！！,四只松鼠眯眯眼,这是跟韩国极端女拳学的？,, 21-12-3 11:14 
这人有病吧！！！！,我聼不见,什么特么精神病，有几个精神病伤人是去找那种五大三粗的男人的？都是欺负妇女儿童。他们特么什么不知道,, 21-12-3 11:09 
这人有病吧！！！！,藏龙卧虎2021,,, 21-12-3 10:59 
这人有病吧！！！！,坐井观天ils,让她死,, 21-12-6 10:07 
这人有病吧！！！！,迪亚阿伟,不是，👊呢，我刚要来对线怎么连个影都没有啊,, 21-12-7 22:58 
这人有病吧！！！！,新晋法师吴小厨,,, 21-12-3 10:50 
这人有病吧！！！！,eq连招接R,这个新闻我都不敢和老婆提起，怕她担心,, 21-12-3 10:50 
这人有病吧！！！！,你算哪个小蒜头,,, 21-12-3 10:56 
这人有病吧！！！！,Double_6_,哎？拳师都哪去了？这不就是你们教唆的吗？人呢 怎么没声音了？,, 21-12-3 10:57 
这人有病吧！！！！,幻痛V,自己生不出孩子？？？,, 21-12-3 10:58 
这人有病吧！！！！,早醒起来,她们要打多久就打多久，打到到完全胜利那天。 ​,, 21-12-3 10:40 
这人有病吧！！！！,纽约三院精神科主任,加速,, 21-12-3 10:40 
这人有病吧！！！！,你是只可爱的小猪,,, 21-12-3 10:41 
这人有病吧！！！！,你是只可爱的小猪,,, 21-12-3 10:42 
这人有病吧！！！！,你是只可爱的小猪,,, 21-12-3 10:47 
这人有病吧！！！！,晚晚晚晚的leehom66,@X法师Tony 法师看看,, 21-12-3 09:58 
这人有病吧！！！！,小怪兽逗比南波万,插眼,, 21-12-3 09:58 
赶紧死刑吧真的，太残忍了，令人发指，主观恶性极深。,爱心巧克力甜甜的,这简直太恐怖了,, 21-12-2 11:38 
赶紧死刑吧真的，太残忍了，令人发指，主观恶性极深。,遛弯要去大明湖,最毒男人心,, 21-12-2 08:36 
赶紧死刑吧真的，太残忍了，令人发指，主观恶性极深。,scorpio-S,,, 21-12-2 09:08 
赶紧死刑吧真的，太残忍了，令人发指，主观恶性极深。,路过小疯狂,,, 21-12-2 10:08 
赶紧死刑吧真的，太残忍了，令人发指，主观恶性极深。,艺小呆括弧微笑,每天一则恐男,, 21-12-2 11:14 
赶紧死刑吧真的，太残忍了，令人发指，主观恶性极深。,nfr是雷妈妈最好的专辑,最毒男人心,, 21-12-2 11:17 
赶紧死刑吧真的，太残忍了，令人发指，主观恶性极深。,迷人璐lu,u,, 21-12-2 23:03 
赶紧死刑吧真的，太残忍了，令人发指，主观恶性极深。,会游泳的咸鱼啊,好恶毒的丈夫……,, 21-12-3 13:27 
赶紧死刑吧真的，太残忍了，令人发指，主观恶性极深。,流落的FOX,死缓呗，之前有个一样的案子哦,, 21-12-3 14:16 
赶紧死刑吧真的，太残忍了，令人发指，主观恶性极深。,baoyu0508101,但凡忽悠你把保险受益人设为另一半的都不是啥好东西。,, 21-12-3 14:36 
赶紧死刑吧真的，太残忍了，令人发指，主观恶性极深。,Diskman-YJ,必须严惩,, 21-12-3 15:37 
赶紧死刑吧真的，太残忍了，令人发指，主观恶性极深。,晓baby是本命,直接枪毙就行了,, 21-12-2 09:23 
赶紧死刑吧真的，太残忍了，令人发指，主观恶性极深。,QinQin257,死刑,, 21-12-2 09:30 
赶紧死刑吧真的，太残忍了，令人发指，主观恶性极深。,泼妇平天下,赶紧死刑！！！！！！！！！！,, 21-12-2 10:28 
赶紧死刑吧真的，太残忍了，令人发指，主观恶性极深。,悠闲的野生豚,我有时候真的不懂这种人。你是真心觉得你能混过去？真的有这么蠢智商如此低吗？不说人性善恶，但凡智商正常都做不出这种事,, 21-12-2 11:47 
赶紧死刑吧真的，太残忍了，令人发指，主观恶性极深。,一只蟹蟹怡,男的叫戴卢民,, 21-12-2 21:25 
男人杀妻案挺多的，主要是继承遗产或者骗保。但是女人能下狠手杀夫的不多。,鸟尽云闲自得悠然,这些个损招，善良百姓想不出来那得是怎样培养出的队伍，个个不干净[2021],, 21-12-2 10:56 
男人杀妻案挺多的，主要是继承遗产或者骗保。但是女人能下狠手杀夫的不多。,谋心i,热搜已经被撤了,, 21-12-2 15:01 
男人杀妻案挺多的，主要是继承遗产或者骗保。但是女人能下狠手杀夫的不多。,鸢尾爱百合,,, 21-12-2 12:01 
男人杀妻案挺多的，主要是继承遗产或者骗保。但是女人能下狠手杀夫的不多。,暴躁提子-_-,,, 21-12-2 15:08 
男人杀妻案挺多的，主要是继承遗产或者骗保。但是女人能下狠手杀夫的不多。,ROIC君,不择手段，这种人太可怕了,, 21-12-2 10:25 
男人杀妻案挺多的，主要是继承遗产或者骗保。但是女人能下狠手杀夫的不多。,ICY冰河鲸歌,真的不会做噩梦吗,, 21-12-2 10:36 
男人杀妻案挺多的，主要是继承遗产或者骗保。但是女人能下狠手杀夫的不多。,光巴冻姬,打拳打到许超医生来了评论区,, 21-12-2 10:37 
男人杀妻案挺多的，主要是继承遗产或者骗保。但是女人能下狠手杀夫的不多。,是薄荷好,不婚不育 芳龄永继,, 21-12-2 10:42 
男人杀妻案挺多的，主要是继承遗产或者骗保。但是女人能下狠手杀夫的不多。,小羊快跑不怕跌倒,#一男公职人员购买河豚毒素杀妻# ,https://s.weibo.com/weibo?q=%23%E4%B8%80%E7%94%B7%E5%85%AC%E8%81%8C%E4%BA%BA%E5%91%98%E8%B4%AD%E4%B9%B0%E6%B2%B3%E8%B1%9A%E6%AF%92%E7%B4%A0%E6%9D%80%E5%A6%BB%23, 21-12-2 09:51 
男人杀妻案挺多的，主要是继承遗产或者骗保。但是女人能下狠手杀夫的不多。,欧阳元恺,,, 21-12-2 09:56 
男人杀妻案挺多的，主要是继承遗产或者骗保。但是女人能下狠手杀夫的不多。,一截小树枝,,, 21-12-2 09:56 
男人杀妻案挺多的，主要是继承遗产或者骗保。但是女人能下狠手杀夫的不多。,废话输出贝壳,麻了,, 21-12-2 09:57 
男人杀妻案挺多的，主要是继承遗产或者骗保。但是女人能下狠手杀夫的不多。,郭宇来,,, 21-12-2 11:11 
男人杀妻案挺多的，主要是继承遗产或者骗保。但是女人能下狠手杀夫的不多。,能否能否藉此蕴藉,杀人骗保！,, 21-12-2 11:34 
男人杀妻案挺多的，主要是继承遗产或者骗保。但是女人能下狠手杀夫的不多。,南明蝉,最后也不知道会怎么量刑,, 21-12-2 10:11 
男人杀妻案挺多的，主要是继承遗产或者骗保。但是女人能下狠手杀夫的不多。,山水鹫兽,“高智商”犯罪应该严惩。又给浙江点了一点黑。,, 21-12-2 10:18 
男人杀妻案挺多的，主要是继承遗产或者骗保。但是女人能下狠手杀夫的不多。,乐活婷59,那个虚拟币平台大佬已经是财富榜榜首了,, 21-12-2 10:20 
封丘政府给的说明就像放屁一样，什么招标过程未发现问题。我就问问，这个企业当时叫从业资格证都没有就能参加招标，你告诉我这叫没问题？,我也有件病号服,难道现在这种事必须要靠舆论来解决了么？校长的声音都被上边的领导屏蔽？,, 21-11-30 13:36 
封丘政府给的说明就像放屁一样，什么招标过程未发现问题。我就问问，这个企业当时叫从业资格证都没有就能参加招标，你告诉我这叫没问题？,chjh120011,学校自办食堂不好吗？不知什么时候高校、大型国企把食堂都承包出去了,, 21-11-30 13:39 
封丘政府给的说明就像放屁一样，什么招标过程未发现问题。我就问问，这个企业当时叫从业资格证都没有就能参加招标，你告诉我这叫没问题？,虎门晓天服装厂市场部,河南省政治生态亟待整治！！！！！@新华社 @人民日报 @河南共青团 //@库库科查:封丘政府给的说明就像放屁一样，什么招标过程未发现问题。我就问问，这个企业当时叫从业资格证都没有就能参加招标，你告诉我这叫没问题？,https://weibo.com/n/%E6%96%B0%E5%8D%8E%E7%A4%BE, 21-11-30 13:40 
封丘政府给的说明就像放屁一样，什么招标过程未发现问题。我就问问，这个企业当时叫从业资格证都没有就能参加招标，你告诉我这叫没问题？,我喂你吃个够,教育局怎么招进来的？,, 21-11-30 13:37 
封丘政府给的说明就像放屁一样，什么招标过程未发现问题。我就问问，这个企业当时叫从业资格证都没有就能参加招标，你告诉我这叫没问题？,少年音蓝,支持严查,, 21-11-30 13:36 
封丘政府给的说明就像放屁一样，什么招标过程未发现问题。我就问问，这个企业当时叫从业资格证都没有就能参加招标，你告诉我这叫没问题？,鱼七秒yuvela,河南这地方官员真的是牛哇,, 21-11-30 13:37 
封丘政府给的说明就像放屁一样，什么招标过程未发现问题。我就问问，这个企业当时叫从业资格证都没有就能参加招标，你告诉我这叫没问题？,泰国泰剧泰星,,, 21-11-30 13:37 
封丘政府给的说明就像放屁一样，什么招标过程未发现问题。我就问问，这个企业当时叫从业资格证都没有就能参加招标，你告诉我这叫没问题？,十具相,,, 21-11-30 13:49 
封丘政府给的说明就像放屁一样，什么招标过程未发现问题。我就问问，这个企业当时叫从业资格证都没有就能参加招标，你告诉我这叫没问题？,安然的太阳与月亮,人抓了，但疑问一个都没解决，我觉得这事还能再出十集,, 21-11-30 13:37 
封丘政府给的说明就像放屁一样，什么招标过程未发现问题。我就问问，这个企业当时叫从业资格证都没有就能参加招标，你告诉我这叫没问题？,拉弯弓射大雕,估计最后调查结果就是送餐员不满意薪酬而往食物里加了东西,, 21-11-30 13:41 
封丘政府给的说明就像放屁一样，什么招标过程未发现问题。我就问问，这个企业当时叫从业资格证都没有就能参加招标，你告诉我这叫没问题？,李大可爱子,你抓个送餐的有啥用，人家就是打工的，源头不应该是违规竞标并且黑箱操作给标的的嘛？,, 21-11-30 13:37 
封丘政府给的说明就像放屁一样，什么招标过程未发现问题。我就问问，这个企业当时叫从业资格证都没有就能参加招标，你告诉我这叫没问题？,要更爱家人的Yunxia,问题出现应该想着如何补救解决，而不是一味的指责埋怨,, 21-11-30 13:51 
封丘政府给的说明就像放屁一样，什么招标过程未发现问题。我就问问，这个企业当时叫从业资格证都没有就能参加招标，你告诉我这叫没问题？,要更爱家人的Yunxia,孩子是祖国的花朵🌺，饮食必须干净,, 21-11-30 13:50 
封丘政府给的说明就像放屁一样，什么招标过程未发现问题。我就问问，这个企业当时叫从业资格证都没有就能参加招标，你告诉我这叫没问题？,繁花落尽又是春,都3天了，一般情况都不太好。,, 21-11-3 16:55 
封丘政府给的说明就像放屁一样，什么招标过程未发现问题。我就问问，这个企业当时叫从业资格证都没有就能参加招标，你告诉我这叫没问题？,村天的晨曦,这个山看起来很险，但愿只是摔了在等待救援,, 21-11-3 16:20 
封丘政府给的说明就像放屁一样，什么招标过程未发现问题。我就问问，这个企业当时叫从业资格证都没有就能参加招标，你告诉我这叫没问题？,愉悦就是我,,, 21-11-3 15:33 
封丘政府给的说明就像放屁一样，什么招标过程未发现问题。我就问问，这个企业当时叫从业资格证都没有就能参加招标，你告诉我这叫没问题？,懵懂无知的少年200412,责令公安局局长限期破案，否则立刻拿下，交纪委严办！,, 21-11-3 15:07 
封丘政府给的说明就像放屁一样，什么招标过程未发现问题。我就问问，这个企业当时叫从业资格证都没有就能参加招标，你告诉我这叫没问题？,柠檬苏卡,,, 21-11-12 15:56 
封丘政府给的说明就像放屁一样，什么招标过程未发现问题。我就问问，这个企业当时叫从业资格证都没有就能参加招标，你告诉我这叫没问题？,啵的腰果虾仁,,, 21-11-3 22:45 
封丘政府给的说明就像放屁一样，什么招标过程未发现问题。我就问问，这个企业当时叫从业资格证都没有就能参加招标，你告诉我这叫没问题？,长发到腰记的蹲坑要撩,,, 21-11-3 16:10 
封丘政府给的说明就像放屁一样，什么招标过程未发现问题。我就问问，这个企业当时叫从业资格证都没有就能参加招标，你告诉我这叫没问题？,Simmy赵,为什么父亲和闺蜜听起来都很淡定……,, 21-11-3 21:07 
封丘政府给的说明就像放屁一样，什么招标过程未发现问题。我就问问，这个企业当时叫从业资格证都没有就能参加招标，你告诉我这叫没问题？,快乐李小桃,,, 21-11-3 22:37 
封丘政府给的说明就像放屁一样，什么招标过程未发现问题。我就问问，这个企业当时叫从业资格证都没有就能参加招标，你告诉我这叫没问题？,未来可期遇见更好的自己,,, 21-11-3 19:05 
封丘政府给的说明就像放屁一样，什么招标过程未发现问题。我就问问，这个企业当时叫从业资格证都没有就能参加招标，你告诉我这叫没问题？,誮語缄默,,, 21-11-3 19:39 
封丘政府给的说明就像放屁一样，什么招标过程未发现问题。我就问问，这个企业当时叫从业资格证都没有就能参加招标，你告诉我这叫没问题？,攒易瓶星光,,, 21-11-3 20:46 
封丘政府给的说明就像放屁一样，什么招标过程未发现问题。我就问问，这个企业当时叫从业资格证都没有就能参加招标，你告诉我这叫没问题？,我也是放飞了,,, 21-11-3 20:52 
封丘政府给的说明就像放屁一样，什么招标过程未发现问题。我就问问，这个企业当时叫从业资格证都没有就能参加招标，你告诉我这叫没问题？,来几克咖啡豆,,, 21-11-3 21:00 
封丘政府给的说明就像放屁一样，什么招标过程未发现问题。我就问问，这个企业当时叫从业资格证都没有就能参加招标，你告诉我这叫没问题？,Lisa的男友,,, 21-11-3 20:08 
封丘政府给的说明就像放屁一样，什么招标过程未发现问题。我就问问，这个企业当时叫从业资格证都没有就能参加招标，你告诉我这叫没问题？,VC夹心糖,,, 21-11-3 20:31 
封丘政府给的说明就像放屁一样，什么招标过程未发现问题。我就问问，这个企业当时叫从业资格证都没有就能参加招标，你告诉我这叫没问题？,游向幸福终点的芬兰鱼,,, 21-11-2 17:24 
封丘政府给的说明就像放屁一样，什么招标过程未发现问题。我就问问，这个企业当时叫从业资格证都没有就能参加招标，你告诉我这叫没问题？,北京老杨68,,, 21-11-2 17:18 
封丘政府给的说明就像放屁一样，什么招标过程未发现问题。我就问问，这个企业当时叫从业资格证都没有就能参加招标，你告诉我这叫没问题？,我和柏原崇只是普通朋友,呼叫半泽直树,, 21-11-2 17:18 
封丘政府给的说明就像放屁一样，什么招标过程未发现问题。我就问问，这个企业当时叫从业资格证都没有就能参加招标，你告诉我这叫没问题？,罗辑叶,金融犯罪最高判刑没有死刑了，胆子是越发大胆了啊,, 21-11-2 17:46 
封丘政府给的说明就像放屁一样，什么招标过程未发现问题。我就问问，这个企业当时叫从业资格证都没有就能参加招标，你告诉我这叫没问题？,悠闲肥韬,小银行的管理等于基本没有了。看这架势，必然是一个大窝案。,, 21-11-2 16:37 
封丘政府给的说明就像放屁一样，什么招标过程未发现问题。我就问问，这个企业当时叫从业资格证都没有就能参加招标，你告诉我这叫没问题？,果果最胖胖,,, 21-11-2 17:22 
封丘政府给的说明就像放屁一样，什么招标过程未发现问题。我就问问，这个企业当时叫从业资格证都没有就能参加招标，你告诉我这叫没问题？,未薇_,,, 21-11-2 17:23 
封丘政府给的说明就像放屁一样，什么招标过程未发现问题。我就问问，这个企业当时叫从业资格证都没有就能参加招标，你告诉我这叫没问题？,檀御轩,和突围一毛一样，下一步就是被害,, 21-11-2 17:34 
封丘政府给的说明就像放屁一样，什么招标过程未发现问题。我就问问，这个企业当时叫从业资格证都没有就能参加招标，你告诉我这叫没问题？,嘉庚门徒,要么进去了，要么出去了！,, 21-11-2 17:12 
封丘政府给的说明就像放屁一样，什么招标过程未发现问题。我就问问，这个企业当时叫从业资格证都没有就能参加招标，你告诉我这叫没问题？,卫视保洁师,,, 21-11-2 17:36 
封丘政府给的说明就像放屁一样，什么招标过程未发现问题。我就问问，这个企业当时叫从业资格证都没有就能参加招标，你告诉我这叫没问题？,酱酱有一只小脑虎,这是企业和银行的员工合伙做案吧,, 21-11-2 15:23 
封丘政府给的说明就像放屁一样，什么招标过程未发现问题。我就问问，这个企业当时叫从业资格证都没有就能参加招标，你告诉我这叫没问题？,没萝了卜z,,, 21-11-2 15:21 
封丘政府给的说明就像放屁一样，什么招标过程未发现问题。我就问问，这个企业当时叫从业资格证都没有就能参加招标，你告诉我这叫没问题？,请叫我小娇羞呀,,, 21-11-2 16:17 
封丘政府给的说明就像放屁一样，什么招标过程未发现问题。我就问问，这个企业当时叫从业资格证都没有就能参加招标，你告诉我这叫没问题？,这次一定瘦哈哈,为啥不选大型国有银行做为企业的主要账户呢？又是哪个领导要开的关系户？,, 21-11-2 17:28 
女检察官,小蝎Gu,上海为全国做了一个好的表率！,, 21-11-4 09:12 
女检察官,南极圈看北极星,猥亵法律成本实在太低了，所以才会导致很多泰迪公共场合都肆意妄为,, 21-11-4 07:24 
女检察官,爱分析的金融男8,#女权#此微博评论区一如既往的仇男和反人类,https://s.weibo.com/weibo?q=%23%E5%A5%B3%E6%9D%83%23, 21-11-4 11:34 
女检察官,环宇青春,,, 21-11-4 07:46 
女检察官,正在努力的小心塞,图一get√,, 21-11-3 09:22 
女检察官,春宵苦短及时行乐,建议推广,, 21-11-3 20:29 
女检察官,渣渣duangD,,, 21-11-4 08:08 
女检察官,姣姣织毛衣,,https://weibo.com/n/%E9%92%9F%E6%9C%AB%E8%B0%A3, 21-11-4 12:31 
女检察官,asanmeily,,, 21-11-4 13:12 
女检察官,雾妍馨幽,,, 21-11-3 15:49 
女检察官,sapphire1218,,, 21-11-3 09:34 
女检察官,吴妈的吃货人生,建议砍手（物理）,, 21-11-3 17:13 
女检察官,白堕能赊,,, 21-11-3 19:36 
女检察官,-樂莜留,,, 21-11-3 19:46 
女检察官,每天都嘎嘎大笑,,, 21-11-3 13:20 
双向温暖，照亮善良,肇州司法,,, 21-11-3 08:59 
双向温暖，照亮善良,鹤岗市萝北县法院,#点亮平安之星#【双向温暖！#小男孩捡10元上交民警按警情登记#】,https://s.weibo.com/weibo?q=%23%E7%82%B9%E4%BA%AE%E5%B9%B3%E5%AE%89%E4%B9%8B%E6%98%9F%23, 21-11-3 08:58 
双向温暖，照亮善良,庆安县人民法院,关注中,, 21-11-3 08:52 
双向温暖，照亮善良,佳木斯检察,,, 21-11-3 08:48 
双向温暖，照亮善良,崇明政法综治,,https://s.weibo.com/weibo?q=%23%E7%82%B9%E4%BA%AE%E5%B9%B3%E5%AE%89%E4%B9%8B%E6%98%9F%23, 21-11-3 08:48 
双向温暖，照亮善良,鹤岗市南山政法,给足小朋友做好事的“仪式感”，双向温暖，照亮善良！,, 21-11-2 23:08 
双向温暖，照亮善良,让胡路政法,@中国长安网 ,https://weibo.com/n/%E4%B8%AD%E5%9B%BD%E9%95%BF%E5%AE%89%E7%BD%91, 21-11-3 10:46 
双向温暖，照亮善良,羊石三君,,, 21-11-2 22:28 
双向温暖，照亮善良,中共新源县委政法委员会,“仪式感”拉满了,, 21-11-2 22:47 
双向温暖，照亮善良,福海普法办,【双向温暖！小男孩捡10元上交民警按警情登记】,, 21-11-3 09:55 
双向温暖，照亮善良,福海政法,双向温暖，“仪式感”拉满了,, 21-11-3 11:58 
双向温暖，照亮善良,清风与酒客栈,,, 21-11-2 20:50 
双向温暖，照亮善良,含光君这个小古板,真棒,, 21-11-2 20:51 
双向温暖，照亮善良,半瓶可乐不加冰吧,善小而为，必有余亲,, 21-11-2 21:16 
双向温暖，照亮善良,有点意思的嚒,双向温暖，照亮善良,, 21-11-3 09:48 
双向温暖，照亮善良,安博教育官方微博,我在马路边捡到十块钱，把他交给警察叔叔手里边[暖一下],, 21-11-3 14:33 
说明这些家长真的是纯正的学生家长，半点关系也没有,Fan一番,,https://weibo.com/n/%E5%8F%AB%E6%88%91UP%E5%B0%B1%E5%A5%BD, 21-10-23 08:28 
说明这些家长真的是纯正的学生家长，半点关系也没有,半世晨光的微博,这有什么机密？,, 21-10-23 08:26 
说明这些家长真的是纯正的学生家长，半点关系也没有,阿Feng大魔王,,, 21-10-23 08:23 
说明这些家长真的是纯正的学生家长，半点关系也没有,曉辰,,https://s.weibo.com/weibo?q=%235%E5%90%8D%E5%AE%B6%E9%95%BF%E5%8F%82%E4%B8%8E%E5%8F%8D%E6%98%A0%E5%AD%A6%E6%A0%A1%E9%A3%9F%E5%A0%82%E5%8D%AB%E7%94%9F%E9%97%AE%E9%A2%98%E8%A2%AB%E5%88%91%E6%8B%98%23, 21-10-23 08:06 
说明这些家长真的是纯正的学生家长，半点关系也没有,天津南开秦秀丽,,, 21-10-23 10:23 
说明这些家长真的是纯正的学生家长，半点关系也没有,正义列车妖妖灵,,, 21-10-25 03:22 
说明这些家长真的是纯正的学生家长，半点关系也没有,风帆2019,看吐了!  政法大教育还没有真正深入到基层，不然不会有这段奇葩事情发生。,, 21-10-23 00:22 
说明这些家长真的是纯正的学生家长，半点关系也没有,CC下山虎,有些人有点权利就为所欲为,, 21-10-23 08:35 
说明这些家长真的是纯正的学生家长，半点关系也没有,水性杨欢,咦，这明显是我大中原地区几个省份的作风嘛! 不好吃不能说，吃坏肚子不能说，说就是寻衅滋事。#作为河南人的自黑#  老家可以直接收到临漳县电视台，因为就隔壁嘛。,https://s.weibo.com/weibo?q=%23%E4%BD%9C%E4%B8%BA%E6%B2%B3%E5%8D%97%E4%BA%BA%E7%9A%84%E8%87%AA%E9%BB%91%23, 21-10-22 19:27 
说明这些家长真的是纯正的学生家长，半点关系也没有,喝了这杯冰可乐,,, 21-10-22 19:30 
说明这些家长真的是纯正的学生家长，半点关系也没有,清清浅518,官官相护,, 21-10-23 00:31 
说明这些家长真的是纯正的学生家长，半点关系也没有,一枚逗腐,,, 21-10-23 07:49 
说明这些家长真的是纯正的学生家长，半点关系也没有,绅玉,,, 21-10-23 00:36 
说明这些家长真的是纯正的学生家长，半点关系也没有,朱颜飞,,, 21-10-23 07:20 
说明这些家长真的是纯正的学生家长，半点关系也没有,SupremeUSA,太过分了,, 21-10-23 07:32 
说明这些家长真的是纯正的学生家长，半点关系也没有,A1frido,,, 21-10-23 07:40 
解决问题的办法就是解决提出问题的人,千寻墨水,一定要严查，不要以机密为由逃避社会的监督。,, 21-10-23 01:02 
解决问题的办法就是解决提出问题的人,yjfrom2017,寻衅滋事是怎么界定的,, 21-10-22 14:28 
解决问题的办法就是解决提出问题的人,世界巨星知意意,作为媒体难道不应该把事情客观的说出来吗，你这样误导网友真的合理吗？ ,, 21-10-23 09:27 
解决问题的办法就是解决提出问题的人,扶摇直上139,,, 21-10-22 16:03 
解决问题的办法就是解决提出问题的人,晴天不下雨的D,,, 21-10-23 01:40 
解决问题的办法就是解决提出问题的人,逍遥行者烟台,法治社会喊的震天响，为人民服务永远挂墙上……,, 21-10-24 11:01 
解决问题的办法就是解决提出问题的人,高原热评,你可以提出问题，但是不能乱扯，更不能污蔑，更不能找茬！无辜找事就不行！,, 21-10-23 12:36 
解决问题的办法就是解决提出问题的人,6668877乔,,, 21-10-23 21:53 
解决问题的办法就是解决提出问题的人,坚持司法公正,,https://weibo.com/p/100808ae2bd82284f6fbc3f20439e3bcb814ad, 21-10-22 20:26 
解决问题的办法就是解决提出问题的人,临时工小蒋,以后拉屎太臭都可以寻衅滋事了,, 21-10-23 20:38 
解决问题的办法就是解决提出问题的人,一隻會飛的魚,小粉红：楼里的各位，不爱待请移民,, 21-10-23 04:30 
解决问题的办法就是解决提出问题的人,灯比树高,什么时候说句牢骚话都能坐牢了？最近一百年内似乎都少见这种情况,, 21-10-22 23:32 
解决问题的办法就是解决提出问题的人,智谷的吴扬文,,, 21-10-23 13:53 
解决问题的办法就是解决提出问题的人,含泪真香君,,, 21-10-23 09:15 
解决问题的办法就是解决提出问题的人,今的邢贯涛,错就错在不知道学校的厨房是禁地,, 21-10-22 15:11 
解决问题的办法就是解决提出问题的人,屁叨叨的刀刀_,,, 21-10-23 10:00 
死者家属：现在连凶手都不知道是】是什么，能不能写清楚？？？？,东南·风,严惩凶手，想知道原因。,, 21-10-26 15:43 
死者家属：现在连凶手都不知道是】是什么，能不能写清楚？？？？,zznn8688,死要见尸,, 21-10-26 22:50 
死者家属：现在连凶手都不知道是】是什么，能不能写清楚？？？？,倾心此刻,哎，愿逝者安息，凶手一定要严惩不贷！,, 21-10-26 10:36 
死者家属：现在连凶手都不知道是】是什么，能不能写清楚？？？？,Celia小年和你,凶手简直泯灭人心，无法原谅，希望他受到严惩。愿逝者安息。,, 21-10-26 10:41 
死者家属：现在连凶手都不知道是】是什么，能不能写清楚？？？？,是雪仔呀,凶手太残忍了，路人也不放过！严惩不贷！,, 21-10-26 10:43 
死者家属：现在连凶手都不知道是】是什么，能不能写清楚？？？？,背影里有山-,这就是个恶魔,, 21-10-26 11:00 
死者家属：现在连凶手都不知道是】是什么，能不能写清楚？？？？,白羽dongdong,愿逝者安息，早日抓住真凶。,, 21-10-26 11:01 
死者家属：现在连凶手都不知道是】是什么，能不能写清楚？？？？,香芋煲仔饭,罪大恶极！！相信警方一定能把凶手抓到，还死者家属一个交代！！！,, 21-10-26 11:05 
死者家属：现在连凶手都不知道是】是什么，能不能写清楚？？？？,过客17623365801,很多人面对类似的新闻，总是基于一厢情愿的认知做出狭隘的判断，这其实就是一种偏见，一种先入为主的、情绪化的、非理性的思维方式。,, 21-10-26 20:15 
死者家属：现在连凶手都不知道是】是什么，能不能写清楚？？？？,蜗牛的路6117680271,那不是六口人么？,, 21-10-27 08:30 
死者家属：现在连凶手都不知道是】是什么，能不能写清楚？？？？,一生shouhou725,仗义每多屠狗🐶 官,, 21-10-30 14:02 
死者家属：现在连凶手都不知道是】是什么，能不能写清楚？？？？,Purple_Gx,烂死的官员 多一点壮士 社会也许会变好…,, 21-10-26 13:45 
死者家属：现在连凶手都不知道是】是什么，能不能写清楚？？？？,干子林R,就冲着灭门去的。,, 21-10-26 15:09 
死者家属：现在连凶手都不知道是】是什么，能不能写清楚？？？？,曲速航行panda,严惩凶手！太无法无天了！逝者安息🙏,, 21-10-26 10:36 
死者家属：现在连凶手都不知道是】是什么，能不能写清楚？？？？,o清烟竹致o,逝者安息，谴责凶手,, 21-10-26 10:36 
死者家属：现在连凶手都不知道是】是什么，能不能写清楚？？？？,白话灵犀最能吃的大徒弟,好人就会被欺负,, 21-10-26 11:32 
看到找回的孩子那一句我其实一直都记得，我也很想你……这个妈妈的一切坚持都值得了这么多年的分别也没有被拐卖拐断了感情，真的很难得。,2890ZI,,, 21-12-7 02:51 
看到找回的孩子那一句我其实一直都记得，我也很想你……这个妈妈的一切坚持都值得了这么多年的分别也没有被拐卖拐断了感情，真的很难得。,炸毛少女哔哔集,这个孩子就是来报恩的,, 21-12-7 01:00 
看到找回的孩子那一句我其实一直都记得，我也很想你……这个妈妈的一切坚持都值得了这么多年的分别也没有被拐卖拐断了感情，真的很难得。,唐耔钰,好孩子，愿以后的路平安顺遂,, 21-12-7 07:44 
看到找回的孩子那一句我其实一直都记得，我也很想你……这个妈妈的一切坚持都值得了这么多年的分别也没有被拐卖拐断了感情，真的很难得。,Rinoe-x,拐卖！怎们国家应该加大警力去治理这些拐卖人口！而且拐卖人口的这些人量刑应该被死刑！,, 21-12-8 11:42 
看到找回的孩子那一句我其实一直都记得，我也很想你……这个妈妈的一切坚持都值得了这么多年的分别也没有被拐卖拐断了感情，真的很难得。,长春最帅的小伙子,,, 21-12-7 21:05 
看到找回的孩子那一句我其实一直都记得，我也很想你……这个妈妈的一切坚持都值得了这么多年的分别也没有被拐卖拐断了感情，真的很难得。,一个有点理想的小小工程师,,, 21-12-7 21:08 
看到找回的孩子那一句我其实一直都记得，我也很想你……这个妈妈的一切坚持都值得了这么多年的分别也没有被拐卖拐断了感情，真的很难得。,20年资深吃瓜群众,,https://weibo.com/n/%E4%BD%9B%E4%BD%9B%E7%B3%BB%E5%A4%A7%E7%82%B9, 21-12-7 03:19 
看到找回的孩子那一句我其实一直都记得，我也很想你……这个妈妈的一切坚持都值得了这么多年的分别也没有被拐卖拐断了感情，真的很难得。,YW文Love榴莲,,, 21-12-7 11:22 
看到找回的孩子那一句我其实一直都记得，我也很想你……这个妈妈的一切坚持都值得了这么多年的分别也没有被拐卖拐断了感情，真的很难得。,叶云sara,你家孩子真的好棒 基因里的聪明伶俐   祝贺全家团圆  平安健康,, 21-12-7 00:10 
看到找回的孩子那一句我其实一直都记得，我也很想你……这个妈妈的一切坚持都值得了这么多年的分别也没有被拐卖拐断了感情，真的很难得。,日常苟活,你儿子太聪明了！！！恭喜恭喜。,, 21-12-7 00:34 
看到找回的孩子那一句我其实一直都记得，我也很想你……这个妈妈的一切坚持都值得了这么多年的分别也没有被拐卖拐断了感情，真的很难得。,萌萌哒二硕思密达,//@佛佛系大点:对比另一个孩子家长，这个妈妈是真的找回了自己的孩子。//@总抢不到大龙的胡萝卜:看到找回的孩子那一句我其实一直都记得，我也很想你……这个妈妈的一切坚持都值得了这么多年的分别也没有被拐卖拐断了感情，真的很难得。,https://weibo.com/n/%E4%BD%9B%E4%BD%9B%E7%B3%BB%E5%A4%A7%E7%82%B9, 21-12-7 07:32 
看到找回的孩子那一句我其实一直都记得，我也很想你……这个妈妈的一切坚持都值得了这么多年的分别也没有被拐卖拐断了感情，真的很难得。,朝雨邑尘blog,看了孙卓寻回要留养父家，又看了符剑涛，这个孩子真的是好样的，脑子够用，人和人真是不一样,, 21-12-7 06:25 
看到找回的孩子那一句我其实一直都记得，我也很想你……这个妈妈的一切坚持都值得了这么多年的分别也没有被拐卖拐断了感情，真的很难得。,一位不愿意透露姓名的麻瓜,祝福你和你们全家  这小区我住过 感慨…,, 21-12-7 07:46 
看到找回的孩子那一句我其实一直都记得，我也很想你……这个妈妈的一切坚持都值得了这么多年的分别也没有被拐卖拐断了感情，真的很难得。,又到凉风暮雨时,这孩子将来一定很优秀！有胆识，三观也正，孙卓找回来也太让父母寒心了，认贼作父，媒体不知道为什么，这种正能量的不大力宣传，反而宣传孙卓那种，还把买家称为养父母，我估计如果买家被判刑，孙卓说不定恨死亲生父母，破坏他家庭,, 21-12-7 07:58 
看到找回的孩子那一句我其实一直都记得，我也很想你……这个妈妈的一切坚持都值得了这么多年的分别也没有被拐卖拐断了感情，真的很难得。,LOVE爱自己ME,这孩子太聪明了，保安跟孩子一起失踪的，没找那个保安吗？送给他二个了，找到他就马上找到了呀,, 21-12-7 08:02 
看到找回的孩子那一句我其实一直都记得，我也很想你……这个妈妈的一切坚持都值得了这么多年的分别也没有被拐卖拐断了感情，真的很难得。,莫倩华,这个孩子太棒了。,, 21-12-7 08:19 
谢谢🙏🙏🙏感谢公安机关，感谢广大媒体，感谢广大网友、志愿者们，14寻儿的苦比起今天的喜悦又算的了什么终于找到我聪明懂事的儿子了🙏🙏🙏,心旷神怡的微博cindy,这孩子智商很高，希望他能考到考到一个好大学！现在大家明白了吧，当着孩子的面，坚决不能说再不听话把你卖了，再不听话让警察叔叔来抓你这类的话，最后祝福他们全家！,, 21-12-8 04:02 
谢谢🙏🙏🙏感谢公安机关，感谢广大媒体，感谢广大网友、志愿者们，14寻儿的苦比起今天的喜悦又算的了什么终于找到我聪明懂事的儿子了🙏🙏🙏,小游的海,@啊念子,https://weibo.com/n/%E5%95%8A%E5%BF%B5%E5%AD%90, 21-12-8 03:52 
谢谢🙏🙏🙏感谢公安机关，感谢广大媒体，感谢广大网友、志愿者们，14寻儿的苦比起今天的喜悦又算的了什么终于找到我聪明懂事的儿子了🙏🙏🙏,我上辈子就是个酸奶,内心好坚定啊,, 21-12-8 03:22 
谢谢🙏🙏🙏感谢公安机关，感谢广大媒体，感谢广大网友、志愿者们，14寻儿的苦比起今天的喜悦又算的了什么终于找到我聪明懂事的儿子了🙏🙏🙏,塰丄升眀月,这才是好孩子！明事理知善恶。,, 21-12-8 02:35 
谢谢🙏🙏🙏感谢公安机关，感谢广大媒体，感谢广大网友、志愿者们，14寻儿的苦比起今天的喜悦又算的了什么终于找到我聪明懂事的儿子了🙏🙏🙏,柠檬熙日常,,, 21-12-8 12:51 
谢谢🙏🙏🙏感谢公安机关，感谢广大媒体，感谢广大网友、志愿者们，14寻儿的苦比起今天的喜悦又算的了什么终于找到我聪明懂事的儿子了🙏🙏🙏,小七波,符建涛太棒了，以后肯定是个人才,, 21-12-8 16:01 
谢谢🙏🙏🙏感谢公安机关，感谢广大媒体，感谢广大网友、志愿者们，14寻儿的苦比起今天的喜悦又算的了什么终于找到我聪明懂事的儿子了🙏🙏🙏,漫漫-四月雪,这孩子真的好暖,, 21-12-8 11:39 
谢谢🙏🙏🙏感谢公安机关，感谢广大媒体，感谢广大网友、志愿者们，14寻儿的苦比起今天的喜悦又算的了什么终于找到我聪明懂事的儿子了🙏🙏🙏,一个大萍子202006,泪目，做了母亲之后就知道，为了找到自己的孩子14年真的不算什么。找到了就太好了，太好了。,, 21-12-8 11:52 
谢谢🙏🙏🙏感谢公安机关，感谢广大媒体，感谢广大网友、志愿者们，14寻儿的苦比起今天的喜悦又算的了什么终于找到我聪明懂事的儿子了🙏🙏🙏,CatnipMMM,要是多一些脑子拎得清的被拐儿童就好了，让那些买家知道自己养也养不熟，长大还会反手把他们送进监狱，也会断了很多人掠夺别人孩子的恶念。不知道报道孙卓有啥鬼意义，脑子拎不清，还心安理得吸两个没有血缘关系的姐姐的血,, 21-12-8 11:52 
谢谢🙏🙏🙏感谢公安机关，感谢广大媒体，感谢广大网友、志愿者们，14寻儿的苦比起今天的喜悦又算的了什么终于找到我聪明懂事的儿子了🙏🙏🙏,fux126345,他知道妈妈从来没有放弃过他，不是不要他，更不是把他卖了,, 21-12-8 12:01 
谢谢🙏🙏🙏感谢公安机关，感谢广大媒体，感谢广大网友、志愿者们，14寻儿的苦比起今天的喜悦又算的了什么终于找到我聪明懂事的儿子了🙏🙏🙏,M2M豆豆妈咪,,, 21-12-8 01:59 
谢谢🙏🙏🙏感谢公安机关，感谢广大媒体，感谢广大网友、志愿者们，14寻儿的苦比起今天的喜悦又算的了什么终于找到我聪明懂事的儿子了🙏🙏🙏,YH懿航,好像涛涛爸爸没怎么出来哈，不过涛涛回家就好啦,, 21-12-8 04:16 
谢谢🙏🙏🙏感谢公安机关，感谢广大媒体，感谢广大网友、志愿者们，14寻儿的苦比起今天的喜悦又算的了什么终于找到我聪明懂事的儿子了🙏🙏🙏,佐贺和派克先生,不过确实每个小孩的记忆都不一样，我感觉我三岁的事都记得呀。特别是不想上幼儿园，调皮捣蛋被妈妈打的记忆🙈,, 21-12-8 04:26 
谢谢🙏🙏🙏感谢公安机关，感谢广大媒体，感谢广大网友、志愿者们，14寻儿的苦比起今天的喜悦又算的了什么终于找到我聪明懂事的儿子了🙏🙏🙏,佐贺和派克先生,也不必说孙卓不好啦，确实拐卖前后家庭情况不同。孙卓就是从留守儿童变成养父母带大，而小符从跟着父母变成留守儿童，所以对各自父母的感情不同。所以小孩还是要自己带呀，不然被拐卖了都不想理我🙈,, 21-12-8 04:29 
谢谢🙏🙏🙏感谢公安机关，感谢广大媒体，感谢广大网友、志愿者们，14寻儿的苦比起今天的喜悦又算的了什么终于找到我聪明懂事的儿子了🙏🙏🙏,秋比特之秋,失而复得，感动！,, 21-12-8 04:47 
谢谢🙏🙏🙏感谢公安机关，感谢广大媒体，感谢广大网友、志愿者们，14寻儿的苦比起今天的喜悦又算的了什么终于找到我聪明懂事的儿子了🙏🙏🙏,zlz403,这孩子太让人心疼了,, 21-12-8 05:14 
谢谢🙏🙏🙏感谢公安机关，感谢广大媒体，感谢广大网友、志愿者们，14寻儿的苦比起今天的喜悦又算的了什么终于找到我聪明懂事的儿子了🙏🙏🙏,悲欢自饮93567,"//@猫妈45: #买卖同罪# 买家也是人贩子//@加蹦加蹦：大家一直说买家我不认为是买家就是犯罪团伙，弟弟出去拐了人家小孩给哥哥养并没有买卖单纯的拐卖团伙//@掌上智微:不就是我们福田的梅山苑小区统建楼？小符智勇双全,深沉刚毅,不仅自己找回了家,而且是他认出了拐卖孙卓的吴某,向警方提供了重要的线索",https://weibo.com/n/%E7%8C%AB%E5%A6%8845, 21-12-8 05:25 
谢谢🙏🙏🙏感谢公安机关，感谢广大媒体，感谢广大网友、志愿者们，14寻儿的苦比起今天的喜悦又算的了什么终于找到我聪明懂事的儿子了🙏🙏🙏,超开心超开心呀,好有条理好棒呀 祝高考顺利,, 21-12-8 01:39 
谢谢🙏🙏🙏感谢公安机关，感谢广大媒体，感谢广大网友、志愿者们，14寻儿的苦比起今天的喜悦又算的了什么终于找到我聪明懂事的儿子了🙏🙏🙏,宇智菠菜,涛涛好样的，未来必有作为，加油！,, 21-12-8 01:55 
法院一审认为可从轻处理，家属不服>>援鄂护士与男友双双被撞身亡 司机醉驾还超速,丘栗比,法律，真就是一个笑话,, 21-12-4 06:51 
法院一审认为可从轻处理，家属不服>>援鄂护士与男友双双被撞身亡 司机醉驾还超速,树上春燕,走法律程序,, 21-12-3 09:57 
法院一审认为可从轻处理，家属不服>>援鄂护士与男友双双被撞身亡 司机醉驾还超速,俺们村太小走不丢,,, 21-12-4 07:36 
法院一审认为可从轻处理，家属不服>>援鄂护士与男友双双被撞身亡 司机醉驾还超速,伊妈咪LOVE小水滴and小朵迪,酒驾致人死亡的应该按死刑来判，这样看他们还敢酒后驾驶,, 21-12-4 07:01 
法院一审认为可从轻处理，家属不服>>援鄂护士与男友双双被撞身亡 司机醉驾还超速,前方高能哇,,, 21-12-4 06:37 
法院一审认为可从轻处理，家属不服>>援鄂护士与男友双双被撞身亡 司机醉驾还超速,别杀小庆,好难过，这么好的一个人,, 21-12-4 07:54 
法院一审认为可从轻处理，家属不服>>援鄂护士与男友双双被撞身亡 司机醉驾还超速,夏日麽麽茶2002,,, 21-12-5 18:14 
法院一审认为可从轻处理，家属不服>>援鄂护士与男友双双被撞身亡 司机醉驾还超速,涧河岸边笑笑生,,, 21-12-5 18:38 
法院一审认为可从轻处理，家属不服>>援鄂护士与男友双双被撞身亡 司机醉驾还超速,国光电工开关G关公g,,, 21-12-5 20:06 
法院一审认为可从轻处理，家属不服>>援鄂护士与男友双双被撞身亡 司机醉驾还超速,用户农民邹英,,, 21-12-6 07:18 
法院一审认为可从轻处理，家属不服>>援鄂护士与男友双双被撞身亡 司机醉驾还超速,无所畏惧BJ,,, 21-12-6 07:30 
法院一审认为可从轻处理，家属不服>>援鄂护士与男友双双被撞身亡 司机醉驾还超速,思想的力量-向上的力量,,, 21-12-6 08:23 
法院一审认为可从轻处理，家属不服>>援鄂护士与男友双双被撞身亡 司机醉驾还超速,sun_365,,, 21-12-7 21:07 
法院一审认为可从轻处理，家属不服>>援鄂护士与男友双双被撞身亡 司机醉驾还超速,儒雅的明天的明天976,,, 21-12-8 00:30 
有背景的妖精都被众神带走了，被打死的都是没背景的,李抓狂,,, 21-12-10 15:23 
有背景的妖精都被众神带走了，被打死的都是没背景的,FastKan,,https://s.weibo.com/weibo?q=%23%E5%94%90%E5%B1%B1%E8%AD%A6%E6%96%B9%E9%80%9A%E6%8A%A5%E4%BA%A4%E8%AD%A6%E9%81%87%E9%85%92%E9%A9%BE%E5%8F%B8%E6%9C%BA%E5%90%8E%E5%81%9C%E6%92%AD%23, 21-12-10 11:47 
有背景的妖精都被众神带走了，被打死的都是没背景的,肖家小宛·DAYTOY,,, 21-12-10 11:26 
有背景的妖精都被众神带走了，被打死的都是没背景的,总有一句话会让你变得更好,,, 21-12-10 09:12 
有背景的妖精都被众神带走了，被打死的都是没背景的,一碗葱油开洋拌面,,, 21-12-9 22:18 
有背景的妖精都被众神带走了，被打死的都是没背景的,清尘梵修,,, 21-12-9 22:20 
有背景的妖精都被众神带走了，被打死的都是没背景的,锣鼓钹,,, 21-12-9 22:25 
有背景的妖精都被众神带走了，被打死的都是没背景的,智谷的吴扬文,,, 21-12-9 22:57 
有背景的妖精都被众神带走了，被打死的都是没背景的,我是月婷兒,,, 21-12-9 23:04 
有背景的妖精都被众神带走了，被打死的都是没背景的,王强毛巾,,https://weibo.com/n/%E9%BA%A6%E7%94%B0%E5%AE%88%E6%9C%9B%E7%BF%812, 21-12-9 23:14 
有背景的妖精都被众神带走了，被打死的都是没背景的,文西汇,,, 21-12-10 00:19 
有背景的妖精都被众神带走了，被打死的都是没背景的,三班七号,,, 21-12-10 08:37 
有背景的妖精都被众神带走了，被打死的都是没背景的,長安君·,难得糊涂……,, 21-12-10 00:30 
有背景的妖精都被众神带走了，被打死的都是没背景的,幽月清风,,, 21-12-10 02:40 
有背景的妖精都被众神带走了，被打死的都是没背景的,绿屎恨猪教,,http://t.cn/A6xYoZ9J, 21-12-10 04:19 
有背景的妖精都被众神带走了，被打死的都是没背景的,价值为王,,, 21-12-10 08:19 
唉，交警也是依法办事，不过虽然早就划出了大批非机动车停车区，随着近年外卖业务的激增发展，根据新的电商数据，是否有分析整理新的集中区域，去新增停车区呢,别__话,叩见青天大老爷,, 21-12-8 16:59 
唉，交警也是依法办事，不过虽然早就划出了大批非机动车停车区，随着近年外卖业务的激增发展，根据新的电商数据，是否有分析整理新的集中区域，去新增停车区呢,碗边有个菠萝,但凡你稍微停好一点，还会被拖车吗，有不是未成年人还需要教育。自己做的错事自己承担吧,, 21-12-9 00:19 
唉，交警也是依法办事，不过虽然早就划出了大批非机动车停车区，随着近年外卖业务的激增发展，根据新的电商数据，是否有分析整理新的集中区域，去新增停车区呢,荼百道,,, 21-12-8 23:55 
唉，交警也是依法办事，不过虽然早就划出了大批非机动车停车区，随着近年外卖业务的激增发展，根据新的电商数据，是否有分析整理新的集中区域，去新增停车区呢,小人人_慧,道德绑架,, 21-12-9 01:32 
唉，交警也是依法办事，不过虽然早就划出了大批非机动车停车区，随着近年外卖业务的激增发展，根据新的电商数据，是否有分析整理新的集中区域，去新增停车区呢,成都王律师Lawyer,两难啊,, 21-12-9 00:53 
唉，交警也是依法办事，不过虽然早就划出了大批非机动车停车区，随着近年外卖业务的激增发展，根据新的电商数据，是否有分析整理新的集中区域，去新增停车区呢,dream心悦雨夜,最近新闻交警，还有城管对待老百姓态度太不近人情了必须管管,, 21-12-9 00:12 
唉，交警也是依法办事，不过虽然早就划出了大批非机动车停车区，随着近年外卖业务的激增发展，根据新的电商数据，是否有分析整理新的集中区域，去新增停车区呢,Astronaut--cybh,我在南宁看到好多被拖车走的都是外卖小哥的车，说实话有点心酸吧，我也点外卖，有过几次外卖小哥不是等电梯超时就是点外卖的很久都不来拿。唉执法人员也是依法办案，都好难啊,, 21-12-9 00:59 
唉，交警也是依法办事，不过虽然早就划出了大批非机动车停车区，随着近年外卖业务的激增发展，根据新的电商数据，是否有分析整理新的集中区域，去新增停车区呢,废铁选手阿居,为什么会有停车区？这种条条框框真的合理吗？外卖员把车停在停车区又用脚跑去取餐送餐，这一来二去得多耽误时间？城市建设真的要做不合人性化的管理吗？一刀切的懒政什么时候能改？高高在上不食人间烟火的官家们！,, 21-12-9 01:14 
唉，交警也是依法办事，不过虽然早就划出了大批非机动车停车区，随着近年外卖业务的激增发展，根据新的电商数据，是否有分析整理新的集中区域，去新增停车区呢,din9GGG,区别就是，你穿着半袖玩儿手机，他穿着棉袄送外卖。 相互理解 尊重职业。   总的来说 好好念书,, 21-12-9 01:37 
唉，交警也是依法办事，不过虽然早就划出了大批非机动车停车区，随着近年外卖业务的激增发展，根据新的电商数据，是否有分析整理新的集中区域，去新增停车区呢,第六天音,,, 21-12-9 00:18 
唉，交警也是依法办事，不过虽然早就划出了大批非机动车停车区，随着近年外卖业务的激增发展，根据新的电商数据，是否有分析整理新的集中区域，去新增停车区呢,the11yeeeturvvv9,现在非机动车道直接改名停车道好了 我骑单车都要走机动车道,, 21-12-9 01:19 
唉，交警也是依法办事，不过虽然早就划出了大批非机动车停车区，随着近年外卖业务的激增发展，根据新的电商数据，是否有分析整理新的集中区域，去新增停车区呢,胖大欣的小三人先森,总拿生活不易来说事，真是烦透了这言论，谁生活容易了嘛，生活不易就可以违法嘛？,, 21-12-9 01:31 
唉，交警也是依法办事，不过虽然早就划出了大批非机动车停车区，随着近年外卖业务的激增发展，根据新的电商数据，是否有分析整理新的集中区域，去新增停车区呢,一个伪食货,法律太难，对某些人，要平等对待，对某些人，要照顾,, 21-12-8 23:15 
唉，交警也是依法办事，不过虽然早就划出了大批非机动车停车区，随着近年外卖业务的激增发展，根据新的电商数据，是否有分析整理新的集中区域，去新增停车区呢,不合适没办法,看了评论我发现，这些中国人不是我在书上读到的那些中国人了，丧失了同情心。,, 21-12-9 00:49 
唉，交警也是依法办事，不过虽然早就划出了大批非机动车停车区，随着近年外卖业务的激增发展，根据新的电商数据，是否有分析整理新的集中区域，去新增停车区呢,2007的夏夜,请遵规守法！,, 21-12-9 00:49 
但凡不是生活窘迫，谁会如此卑微，一点变故可能就把他压垮了,梦影枫阁,你生个孩子，你的孩子跟你一样惨，奴隶后代能和资本家后代同小区？,, 21-12-9 00:45 
但凡不是生活窘迫，谁会如此卑微，一点变故可能就把他压垮了,--DuangDuang,平台的错！！平台才是源头,, 21-12-9 06:58 
但凡不是生活窘迫，谁会如此卑微，一点变故可能就把他压垮了,鲜视频,切勿将下跪博同情，成为违法的资本,, 21-12-9 08:18 
但凡不是生活窘迫，谁会如此卑微，一点变故可能就把他压垮了,青岛精选,,, 21-12-8 19:32 
但凡不是生活窘迫，谁会如此卑微，一点变故可能就把他压垮了,火南V,美团出来走两步,, 21-12-9 01:16 
但凡不是生活窘迫，谁会如此卑微，一点变故可能就把他压垮了,傲娇的小周同学,虽然但是，下不为例把，感觉他也有难处。,, 21-12-9 01:44 
但凡不是生活窘迫，谁会如此卑微，一点变故可能就把他压垮了,安徽昊华律师-武飞,下跪本身不是减轻处罚的事由，但下跪体现了真诚悔过的态度，确实是减轻处罚的事由。况且，如果不是生活所迫，谁会为了一辆电动车卑微至如此。口头警告，并无不妥。,, 21-12-9 00:58 
但凡不是生活窘迫，谁会如此卑微，一点变故可能就把他压垮了,pssy666,,, 21-12-9 01:02 
但凡不是生活窘迫，谁会如此卑微，一点变故可能就把他压垮了,MYKJZY,看着好心酸😔,, 21-12-9 01:34 
但凡不是生活窘迫，谁会如此卑微，一点变故可能就把他压垮了,清水与狗,这种动不动就下跪磕头威胁的，比穷更可怕,, 21-12-9 01:36 
但凡不是生活窘迫，谁会如此卑微，一点变故可能就把他压垮了,BORTULAI,,, 21-12-9 03:09 
但凡不是生活窘迫，谁会如此卑微，一点变故可能就把他压垮了,MT型男推送,,, 21-12-9 06:46 
但凡不是生活窘迫，谁会如此卑微，一点变故可能就把他压垮了,年纪小的老年人,,, 21-12-9 01:19 
但凡不是生活窘迫，谁会如此卑微，一点变故可能就把他压垮了,雪公子xgz,这和日本人有啥区别 错做事立马鞠躬 反正我道歉了你不能罚我,, 21-12-9 01:25 
但凡不是生活窘迫，谁会如此卑微，一点变故可能就把他压垮了,喜欢偶尔冒泡的潜水员,反正下跪不用钱，挤两滴眼泪出来装装可怜就不用挨罚了，那么珍惜你吃饭的家伙不惜不要膝盖，你天天送外卖不知道违章要受处罚吗？,, 21-12-9 01:41 
但凡不是生活窘迫，谁会如此卑微，一点变故可能就把他压垮了,媒体人张志威,,, 21-12-9 06:12 
为什么啊......为什么会觉得稳赚不赔的生意会介绍给陌生人呢,九州朱颜记何时播_阿华田塔塔,,, 21-12-5 07:40 
为什么啊......为什么会觉得稳赚不赔的生意会介绍给陌生人呢,Redamancy313,,, 21-12-5 09:50 
为什么啊......为什么会觉得稳赚不赔的生意会介绍给陌生人呢,花心菜他爹,要是把每个杀猪盘都只赚一笔就跑路，能暴富吗,, 21-12-5 09:43 
为什么啊......为什么会觉得稳赚不赔的生意会介绍给陌生人呢,耿姨来了,既然能查出来是诈骗App，为啥不让这些App全部下架呢,, 21-12-5 09:37 
为什么啊......为什么会觉得稳赚不赔的生意会介绍给陌生人呢,轉角遇見灬誰,,, 21-12-5 07:42 
为什么啊......为什么会觉得稳赚不赔的生意会介绍给陌生人呢,太阳没睡,,https://s.weibo.com/weibo?q=%23%E5%A5%B3%E5%AD%90%E4%B8%8D%E4%BF%A1%E9%81%87%E6%9D%80%E7%8C%AA%E7%9B%98%E8%B7%9F%E6%B0%91%E8%AD%A6%E6%89%93%E8%B5%8C%E6%B2%A1%E8%A2%AB%E9%AA%97%23, 21-12-5 09:10 
为什么啊......为什么会觉得稳赚不赔的生意会介绍给陌生人呢,郁闷假逍遥,,, 21-12-4 15:21 
为什么啊......为什么会觉得稳赚不赔的生意会介绍给陌生人呢,叶艾茂,,, 21-12-5 09:34 
为什么啊......为什么会觉得稳赚不赔的生意会介绍给陌生人呢,蓝悠年,从骗子手里赚了700元，大赚啊！！！换了我也“久久不能平静”~~~,, 21-12-4 22:18 
为什么啊......为什么会觉得稳赚不赔的生意会介绍给陌生人呢,想减肥的一个小胖子,所以还赚了400,, 21-12-5 07:18 
为什么啊......为什么会觉得稳赚不赔的生意会介绍给陌生人呢,丑小丫丑小丫小丫,赚了700块，请民警吃饭了吗,, 21-12-5 07:19 
为什么啊......为什么会觉得稳赚不赔的生意会介绍给陌生人呢,一起来听落花无言,,, 21-12-5 07:22 
为什么啊......为什么会觉得稳赚不赔的生意会介绍给陌生人呢,H本宫永远18岁,发现没，一般骗女性，都是刷单，提前垫付之类的；骗男人，基本就是利用男人好色的心理；骗老年人，利用老人怕死的心理，推销保健品。骗子心理学这一套玩的很溜,, 21-12-5 07:45 
为什么啊......为什么会觉得稳赚不赔的生意会介绍给陌生人呢,纪梦游,,, 21-12-5 08:24 
为什么啊......为什么会觉得稳赚不赔的生意会介绍给陌生人呢,花生糖marcia,民警好难,, 21-12-5 09:10 
为什么啊......为什么会觉得稳赚不赔的生意会介绍给陌生人呢,科学爱好者,有多傻？会不会遗传啊？,, 21-12-5 09:22 
是我见识浅薄了，21世纪了，居然还有配阴婚。,我想要一罐可乐__,可怕@我卡布达一拳打爆你gou头,https://weibo.com/n/%E6%88%91%E5%8D%A1%E5%B8%83%E8%BE%BE%E4%B8%80%E6%8B%B3%E6%89%93%E7%88%86%E4%BD%A0gou%E5%A4%B4, 21-11-24 16:45 
是我见识浅薄了，21世纪了，居然还有配阴婚。,一条优秀的马甲线,不李姐,, 21-11-24 16:42 
是我见识浅薄了，21世纪了，居然还有配阴婚。,a龍雨a,,, 21-11-24 16:40 
是我见识浅薄了，21世纪了，居然还有配阴婚。,最爱夏UU,我们村有个小女孩，生下来的时候特别漂亮，但是一直不长，后面去医院检查说是先天性心脏病还做不了手术，说那个孩子活不到3岁的。后面家人细心呵护长到11岁，不幸去世了。也是配了阴婚，男方还给了彩礼的，说是13岁了其实没有。据说要够13岁才能配的。,, 21-11-24 16:40 
是我见识浅薄了，21世纪了，居然还有配阴婚。,_CHENYY_,@圆斑鹿 @杨不正歪猪 ？,https://weibo.com/n/%E5%9C%86%E6%96%91%E9%B9%BF, 21-11-24 16:39 
是我见识浅薄了，21世纪了，居然还有配阴婚。,小暗_早睡早起屯时间,离谱 //@财经网: 【#女主播喝药自杀骨灰被掉包配阴婚#】嫌疑人妻子：“配阴婚就是为一点财，就没多大点事，赶到风口浪尖就成事儿了。”该妻子还称女主播“罗小猫猫子”在自杀后就有同行惦记用她的骨灰配阴婚挣钱，“同行竞争，别人坑他告他的。他错了，他担着。”,https://weibo.com/n/%E8%B4%A2%E7%BB%8F%E7%BD%91, 21-11-23 22:57 
是我见识浅薄了，21世纪了，居然还有配阴婚。,限定迟疑,,https://weibo.com/n/Kaspar%C2%B7, 21-11-24 19:44 
是我见识浅薄了，21世纪了，居然还有配阴婚。,TWOTWOiiiiii,,, 21-11-24 19:52 
是我见识浅薄了，21世纪了，居然还有配阴婚。,某欣酱是淡定空虚小刺刺刺刺刺猬,太过分了吧,, 21-11-24 19:57 
是我见识浅薄了，21世纪了，居然还有配阴婚。,焦糖瓜子配可乐,2021年了还可以看到这种新闻,, 21-11-24 17:12 
是我见识浅薄了，21世纪了，居然还有配阴婚。,清雅想要长高高,,, 21-11-24 17:31 
是我见识浅薄了，21世纪了，居然还有配阴婚。,Grace小企鹅,我三观不是碎了…我三观没了,, 21-11-24 16:48 
是我见识浅薄了，21世纪了，居然还有配阴婚。,叽里呱啦的柠檬话好多哦,真丢了我们山东济宁的脸 还孔孟之乡呢我吐了,, 21-11-24 16:52 
是我见识浅薄了，21世纪了，居然还有配阴婚。,庄什么_Z,没听过阴婚不代表没有啊.没相中应该是觉得生辰八字不和男方匹配,, 21-11-24 16:52 
是我见识浅薄了，21世纪了，居然还有配阴婚。,细致的可可西里,配阴婚在陕北、内蒙、山西交界那一片市县，仍有此陋俗。,, 21-11-24 17:00 
是我见识浅薄了，21世纪了，居然还有配阴婚。,霄客气气,济宁作为儒家思想的发源地，有些糟粕存在几千年了，感觉文革也没革掉…本济宁人承认有些思想是真的封建,, 21-11-24 17:00 
是我见识浅薄了，21世纪了，居然还有配阴婚。,铃儿响铛11,,, 21-11-24 17:01 
是我见识浅薄了，21世纪了，居然还有配阴婚。,MIAOMIAO_WONG,这女孩好惨，死后还不放过她。花容月貌，却从未被爱过的女孩。她自杀应该是对这世间无比绝望吧。,, 21-11-24 17:01 
是我见识浅薄了，21世纪了，居然还有配阴婚。,逆風Z-001,大陆大地上的恶俗多了去了偷尸配阴婚闹新房弄死人办丧事搭大棚放红歌,, 21-11-24 16:39 
被同行举报。。。。这是一条什么样的产业链。,嗨木嗨木,,, 21-11-24 04:54 
被同行举报。。。。这是一条什么样的产业链。,蘼_荼,不整治不作为，社会风气恶劣,, 21-11-24 10:02 
被同行举报。。。。这是一条什么样的产业链。,天地有用1815,社会的黑暗面一点都不少，并不如想象中那么美好,, 21-11-23 22:41 
被同行举报。。。。这是一条什么样的产业链。,那个开Q7的男人,恶臭，真恶心。居然发生这个年代,, 21-11-23 22:42 
被同行举报。。。。这是一条什么样的产业链。,鸡仔本鸡,属实太惨了。本身就死的惨没想到死后更惨,, 21-11-23 23:01 
被同行举报。。。。这是一条什么样的产业链。,百步穿猪,形成产业链的事情，怕不是三个人兜得住的。当地执法部门总有本乡本土的人吧，会毫不知情？,, 21-11-23 23:14 
被同行举报。。。。这是一条什么样的产业链。,尼哥士多得,很丑恶，对死者完全不尊重,, 21-11-23 22:36 
被同行举报。。。。这是一条什么样的产业链。,IMI宏志,,, 21-11-23 22:55 
被同行举报。。。。这是一条什么样的产业链。,真性情的疯子,,, 21-11-23 22:50 
被同行举报。。。。这是一条什么样的产业链。,闲来无事786,山东哦， 这两年负面新闻可不少。 天天孔孟之乡的宣传是 忽悠啊,, 21-11-24 00:47 
被同行举报。。。。这是一条什么样的产业链。,不止七秒吖,,, 21-11-23 22:59 
被同行举报。。。。这是一条什么样的产业链。,除旧,,, 21-11-23 23:28 
被同行举报。。。。这是一条什么样的产业链。,紫衫黎庶,,, 21-11-23 22:53 
被同行举报。。。。这是一条什么样的产业链。,伐檀198608,当地乡镇党委要拿出禁止土葬的手段来，我觉得就不会发生这种事情了。,, 21-11-24 08:44 
被同行举报。。。。这是一条什么样的产业链。,quantumcategory,多少人的骨灰不是真的？,, 21-11-23 22:57 
早就被殴打辱骂了 警察早干嘛去了，不出人命就不管呗,Albert-Johnson,鄢建华（老太婆的儿媳妇）找人围堵受害者，而且她的公司存在偷税漏税的情况，他们一家东湖边的豪宅，武汉东湖新技术开发区花城大道以南，春和路以东，碧桂园生态城一期桃花源114幢1层1号。2013年8月30号买的，鄢建华当时因为延期交房和房地产公司有官司。,, 21-11-24 09:57 
早就被殴打辱骂了 警察早干嘛去了，不出人命就不管呗,时过不境迁往事不如烟,走之前把那个老太太带走啊,, 21-11-24 09:57 
早就被殴打辱骂了 警察早干嘛去了，不出人命就不管呗,一个月亮的时间,所以这些作恶者什么时候能受到惩罚？！,, 21-11-24 09:57 
早就被殴打辱骂了 警察早干嘛去了，不出人命就不管呗,俊崽很忙,一直以为武汉是一个英雄的城市，没想到从爆发疫情政府不作为，到当地官吏官官相护不担当，普通老百姓申冤无门，丢掉性命才换来警察介入，再现在这社会，再六中全会期间，多么可笑,, 21-11-24 09:56 
早就被殴打辱骂了 警察早干嘛去了，不出人命就不管呗,黄小卿子,持续关注,, 21-11-24 11:09 
早就被殴打辱骂了 警察早干嘛去了，不出人命就不管呗,赤夏永吉,,, 21-11-24 11:07 
早就被殴打辱骂了 警察早干嘛去了，不出人命就不管呗,二锅头的茶叶,办事效率真高，都几天了，点赞,, 21-11-24 10:18 
早就被殴打辱骂了 警察早干嘛去了，不出人命就不管呗,亚卡柚子,傻姑娘啊，你这样不值得啊，伤害自己换取社会关注傻不傻？没有打到七寸，过段时间风头过了谁还记得？,, 21-11-24 10:21 
早就被殴打辱骂了 警察早干嘛去了，不出人命就不管呗,宅鱼不爱人间,转发微博,, 21-11-24 10:22 
早就被殴打辱骂了 警察早干嘛去了，不出人命就不管呗,一头健走如飞的熊,马上2022年了，帝都小区里马路上，各种烈性犬，不拴绳、拉屎的，没见有人管过，也不知道找谁会管,, 21-11-24 10:22 
早就被殴打辱骂了 警察早干嘛去了，不出人命就不管呗,说我是猫你信咩,,, 21-11-24 10:24 
早就被殴打辱骂了 警察早干嘛去了，不出人命就不管呗,举重的叔,前段时间因为停车问题，被一个老头一顿侮辱谩骂！俺家停了两年的车位成他的了！况且他车停在俺家别前边！也不挡他事！拿车圈往俺家车上砸！砸还让人给抓住了！现在真是为老不尊啊！没遇到都不能感同身受！那一部分人就和稀泥！,, 21-11-24 09:58 
早就被殴打辱骂了 警察早干嘛去了，不出人命就不管呗,永远有道理喵,遇到危险去报警，接到了一个回电，问我到底挨打了没有，我说随时可能发生危险，永远不能忘记那个警察说，这个噪音骚扰不是归警察管的，现在警察都在出警，没有时间去。第二次真的挨打报警，警察来了，说没有证据证明，还是强调这事不归警察管，让我们自己协调。真的要等到命案才有人管。,, 21-11-24 09:59 
早就被殴打辱骂了 警察早干嘛去了，不出人命就不管呗,Dudaladala,,, 21-11-24 10:00 
早就被殴打辱骂了 警察早干嘛去了，不出人命就不管呗,风间深海,明明是人的问题，别让狗背锅,, 21-11-24 09:57 
早就被殴打辱骂了 警察早干嘛去了，不出人命就不管呗,当爱已成往事6653,九头鸟，凶得很！,, 21-11-24 09:58 
早就被殴打辱骂了 警察早干嘛去了，不出人命就不管呗,Y小金鱼Y,有事情找警察的年代已经过去了 现在的警察是如果没死人就别烦他 他什么也不会管的,, 21-11-24 10:00 
早就被殴打辱骂了 警察早干嘛去了，不出人命就不管呗,玫瑰LaRosa,都说是自杀。但坠楼案警方应该有个排除他杀的认定过程吧，好像没有公布，如何认定就是自杀。,, 21-11-24 10:01 
早就被殴打辱骂了 警察早干嘛去了，不出人命就不管呗,好风相从202008,真的是做鬼都不放过她们，应验了，被人诅咒她们到晚上害怕吗？,, 21-11-24 10:02 
为什么没人管管啊，2个月的围堵和谩骂对这个女孩造成的伤害导致她最终离世，为什么可恶的老太婆跟恶毒的儿媳一点事都没有啊,怒放的生命8681,警察最会干这事了，但凡有点责任心，这种案件就不会发生！之前的于欢案就是活生生的例子。昨天报警，邻居晚上扰民，三四点大声喧哗。警察过来就是走走过程，还要我弄专业设备测分贝，叫我去起诉邻居。说什么扰民构不成案件，他们只能进行调解，做不了其它。什么纠纷都让老百姓干了，要你们警察干什么？,, 21-11-23 23:39 
为什么没人管管啊，2个月的围堵和谩骂对这个女孩造成的伤害导致她最终离世，为什么可恶的老太婆跟恶毒的儿媳一点事都没有啊,本人晕猴,狗奴已经搬家了？,, 21-11-23 22:53 
为什么没人管管啊，2个月的围堵和谩骂对这个女孩造成的伤害导致她最终离世，为什么可恶的老太婆跟恶毒的儿媳一点事都没有啊,平凡且有意义的人生,能不能扒下老太太的底,, 21-11-24 10:00 
为什么没人管管啊，2个月的围堵和谩骂对这个女孩造成的伤害导致她最终离世，为什么可恶的老太婆跟恶毒的儿媳一点事都没有啊,海底的石头在唱歌,看的好难过，谁能告诉我如果自己发生这种事该怎么办？,, 21-11-23 14:29 
为什么没人管管啊，2个月的围堵和谩骂对这个女孩造成的伤害导致她最终离世，为什么可恶的老太婆跟恶毒的儿媳一点事都没有啊,耳东爷,,, 21-11-24 08:03 
为什么没人管管啊，2个月的围堵和谩骂对这个女孩造成的伤害导致她最终离世，为什么可恶的老太婆跟恶毒的儿媳一点事都没有啊,520木可,,, 21-11-24 09:18 
为什么没人管管啊，2个月的围堵和谩骂对这个女孩造成的伤害导致她最终离世，为什么可恶的老太婆跟恶毒的儿媳一点事都没有啊,2012锥生零,物业置之不理 社区不作为固然都要追责 但最根本的还是要对那些眼睛长在头顶谩骂 侮辱卢女士的养狗人们进行相关责任认定 支持刑罚！刑罚！刑罚！群里打嘴仗的狗主人的亲戚也要纳入红黑榜 歪风邪气得根治,, 21-11-23 23:58 
为什么没人管管啊，2个月的围堵和谩骂对这个女孩造成的伤害导致她最终离世，为什么可恶的老太婆跟恶毒的儿媳一点事都没有啊,没有人知道是我呦,太难过了，善良的人都得这种下场吗？欧和卢都一样,, 21-11-23 16:38 
为什么没人管管啊，2个月的围堵和谩骂对这个女孩造成的伤害导致她最终离世，为什么可恶的老太婆跟恶毒的儿媳一点事都没有啊,XiaoUSMASTER,现在寻衅滋事哪去了！！,, 21-11-23 16:53 
为什么没人管管啊，2个月的围堵和谩骂对这个女孩造成的伤害导致她最终离世，为什么可恶的老太婆跟恶毒的儿媳一点事都没有啊,呱呱呱温水煮青蛙,物业除了收费还有什么用吗？,, 21-11-23 17:01 
为什么没人管管啊，2个月的围堵和谩骂对这个女孩造成的伤害导致她最终离世，为什么可恶的老太婆跟恶毒的儿媳一点事都没有啊,开心的兜兜1983,老祖宗说恶人有恶报，可现在没有管恶人啊，如果这种事情都没人议论，那以后道义这个词再也不存在了，人的冷漠就是这么一次次地心寒给造成的,, 21-11-23 17:27 
为什么没人管管啊，2个月的围堵和谩骂对这个女孩造成的伤害导致她最终离世，为什么可恶的老太婆跟恶毒的儿媳一点事都没有啊,南村2012,不是被害妄想吧,, 21-11-23 19:42 
为什么没人管管啊，2个月的围堵和谩骂对这个女孩造成的伤害导致她最终离世，为什么可恶的老太婆跟恶毒的儿媳一点事都没有啊,秋风萧瑟日落下,物业敢吗？,, 21-11-23 20:14 
为什么没人管管啊，2个月的围堵和谩骂对这个女孩造成的伤害导致她最终离世，为什么可恶的老太婆跟恶毒的儿媳一点事都没有啊,阳好,狗王夫妇和狗奶狗妈婆媳事件，还不能引起社会对养狗行为的规范，这是为什么？问题出在哪里？有那么难吗。,, 21-11-23 22:40 
为什么没人管管啊，2个月的围堵和谩骂对这个女孩造成的伤害导致她最终离世，为什么可恶的老太婆跟恶毒的儿媳一点事都没有啊,肥啾白团儿,转发微博,, 21-11-23 22:47 
为什么没人管管啊，2个月的围堵和谩骂对这个女孩造成的伤害导致她最终离世，为什么可恶的老太婆跟恶毒的儿媳一点事都没有啊,黄浮草,都出人命了，四次报案，居然都不立案，呵。群体对个人的霸凌欺压，物业，警方，养狗不栓绳的老人。群体大都这样和稀泥以及逼迫少数受害者闭嘴。大家默认的心理，别人都能忍，你怎么就不能忍。忍忍就过去了。总觉得世界需要较真的人，立了规定，就该执行。世界没有绝对的公平，所以我们才更需要努力。,, 21-11-23 22:48 
为什么没人管管啊，2个月的围堵和谩骂对这个女孩造成的伤害导致她最终离世，为什么可恶的老太婆跟恶毒的儿媳一点事都没有啊,坚果的椰啵,物业不作为,, 21-11-23 21:35 